
SET IDENTITY_INSERT [dbo].[tbl_AccountDetails] ON 


INSERT [dbo].[tbl_AccountDetails] ([AccountID], [AccountTypeID], [AccountName], [AccountCode], [BankAccountNo], [Bank], [OpeningBalance], [ClosingDate], [OpeningDate], [IsActive], [AddOn], [Addby], [UpdateOn], [UpdateBy], [DeleteOn], [DeleteBy], [IsDeleted], [IsOperating]) VALUES (26, 10, N'Testing vendor 10', N'A/P Vendor', NULL, NULL, CAST(0.00 AS Decimal(12, 2)), NULL, CAST(N'2018-12-18 04:58:31.780' AS DateTime), 1, CAST(N'2018-12-18 04:59:00' AS SmallDateTime), 1, NULL, NULL, NULL, NULL, NULL, NULL)
GO
INSERT [dbo].[tbl_AccountDetails] ([AccountID], [AccountTypeID], [AccountName], [AccountCode], [BankAccountNo], [Bank], [OpeningBalance], [ClosingDate], [OpeningDate], [IsActive], [AddOn], [Addby], [UpdateOn], [UpdateBy], [DeleteOn], [DeleteBy], [IsDeleted], [IsOperating]) VALUES (27, 10, N'Alpha Corporation', N'A/P Vendor', NULL, NULL, CAST(0.00 AS Decimal(12, 2)), NULL, CAST(N'2018-12-18 04:59:20.753' AS DateTime), 1, CAST(N'2018-12-18 04:59:00' AS SmallDateTime), 1, NULL, NULL, NULL, NULL, NULL, NULL)
GO
INSERT [dbo].[tbl_AccountDetails] ([AccountID], [AccountTypeID], [AccountName], [AccountCode], [BankAccountNo], [Bank], [OpeningBalance], [ClosingDate], [OpeningDate], [IsActive], [AddOn], [Addby], [UpdateOn], [UpdateBy], [DeleteOn], [DeleteBy], [IsDeleted], [IsOperating]) VALUES (28, 10, N'A2Z Autos', N'A/P Vendor', NULL, NULL, CAST(0.00 AS Decimal(12, 2)), NULL, CAST(N'2018-12-18 04:59:45.630' AS DateTime), 1, CAST(N'2018-12-18 05:00:00' AS SmallDateTime), 1, NULL, NULL, NULL, NULL, NULL, NULL)
GO
INSERT [dbo].[tbl_AccountDetails] ([AccountID], [AccountTypeID], [AccountName], [AccountCode], [BankAccountNo], [Bank], [OpeningBalance], [ClosingDate], [OpeningDate], [IsActive], [AddOn], [Addby], [UpdateOn], [UpdateBy], [DeleteOn], [DeleteBy], [IsDeleted], [IsOperating]) VALUES (29, 8, N'Abdul Hadi ', N'A/R Customer', NULL, NULL, CAST(0.00 AS Decimal(12, 2)), NULL, CAST(N'2018-12-18 05:00:11.510' AS DateTime), 1, CAST(N'2018-12-18 05:00:00' AS SmallDateTime), 1, NULL, NULL, NULL, NULL, NULL, NULL)
GO
INSERT [dbo].[tbl_AccountDetails] ([AccountID], [AccountTypeID], [AccountName], [AccountCode], [BankAccountNo], [Bank], [OpeningBalance], [ClosingDate], [OpeningDate], [IsActive], [AddOn], [Addby], [UpdateOn], [UpdateBy], [DeleteOn], [DeleteBy], [IsDeleted], [IsOperating]) VALUES (30, 8, N'Abdul Aziz', N'A/R Customer', NULL, NULL, CAST(0.00 AS Decimal(12, 2)), NULL, CAST(N'2018-12-18 05:00:27.337' AS DateTime), 1, CAST(N'2018-12-18 05:00:00' AS SmallDateTime), 1, NULL, NULL, NULL, NULL, NULL, NULL)
GO
INSERT [dbo].[tbl_AccountDetails] ([AccountID], [AccountTypeID], [AccountName], [AccountCode], [BankAccountNo], [Bank], [OpeningBalance], [ClosingDate], [OpeningDate], [IsActive], [AddOn], [Addby], [UpdateOn], [UpdateBy], [DeleteOn], [DeleteBy], [IsDeleted], [IsOperating]) VALUES (31, 8, N'Al Said', N'A/R Customer', NULL, NULL, CAST(0.00 AS Decimal(12, 2)), NULL, CAST(N'2018-12-18 05:01:13.390' AS DateTime), 1, CAST(N'2018-12-18 05:01:00' AS SmallDateTime), 1, NULL, NULL, NULL, NULL, NULL, NULL)
GO
INSERT [dbo].[tbl_AccountDetails] ([AccountID], [AccountTypeID], [AccountName], [AccountCode], [BankAccountNo], [Bank], [OpeningBalance], [ClosingDate], [OpeningDate], [IsActive], [AddOn], [Addby], [UpdateOn], [UpdateBy], [DeleteOn], [DeleteBy], [IsDeleted], [IsOperating]) VALUES (32, 8, N'Said bin Taimur', N'A/R Customer', NULL, NULL, CAST(0.00 AS Decimal(12, 2)), NULL, CAST(N'2018-12-18 05:01:43.470' AS DateTime), 1, CAST(N'2018-12-18 05:02:00' AS SmallDateTime), 1, NULL, NULL, NULL, NULL, NULL, NULL)
GO
INSERT [dbo].[tbl_AccountDetails] ([AccountID], [AccountTypeID], [AccountName], [AccountCode], [BankAccountNo], [Bank], [OpeningBalance], [ClosingDate], [OpeningDate], [IsActive], [AddOn], [Addby], [UpdateOn], [UpdateBy], [DeleteOn], [DeleteBy], [IsDeleted], [IsOperating]) VALUES (33, 8, N'Abdul Hadi ', N'A/R Customer', NULL, NULL, NULL, NULL, CAST(N'2018-12-18 05:21:28.750' AS DateTime), 1, CAST(N'2018-12-18 05:21:00' AS SmallDateTime), NULL, NULL, NULL, NULL, NULL, NULL, NULL)
GO
INSERT [dbo].[tbl_AccountDetails] ([AccountID], [AccountTypeID], [AccountName], [AccountCode], [BankAccountNo], [Bank], [OpeningBalance], [ClosingDate], [OpeningDate], [IsActive], [AddOn], [Addby], [UpdateOn], [UpdateBy], [DeleteOn], [DeleteBy], [IsDeleted], [IsOperating]) VALUES (34, 10, N'Charlie Vendor', N'A/P Vendor', NULL, NULL, CAST(5000.00 AS Decimal(12, 2)), NULL, CAST(N'2018-12-19 09:00:38.130' AS DateTime), 1, CAST(N'2018-12-19 09:01:00' AS SmallDateTime), 1, NULL, NULL, NULL, NULL, NULL, NULL)
GO
INSERT [dbo].[tbl_AccountDetails] ([AccountID], [AccountTypeID], [AccountName], [AccountCode], [BankAccountNo], [Bank], [OpeningBalance], [ClosingDate], [OpeningDate], [IsActive], [AddOn], [Addby], [UpdateOn], [UpdateBy], [DeleteOn], [DeleteBy], [IsDeleted], [IsOperating]) VALUES (35, 8, N'Charlie Customer', N'A/R Customer', NULL, NULL, CAST(1500.00 AS Decimal(12, 2)), NULL, CAST(N'2018-12-19 09:37:16.570' AS DateTime), 1, CAST(N'2018-12-19 09:37:00' AS SmallDateTime), 1, NULL, NULL, NULL, NULL, NULL, NULL)
GO
INSERT [dbo].[tbl_AccountDetails] ([AccountID], [AccountTypeID], [AccountName], [AccountCode], [BankAccountNo], [Bank], [OpeningBalance], [ClosingDate], [OpeningDate], [IsActive], [AddOn], [Addby], [UpdateOn], [UpdateBy], [DeleteOn], [DeleteBy], [IsDeleted], [IsOperating]) VALUES (1001, 10, N'AL EZ TRADING', N'A/P Vendor', NULL, NULL, CAST(0.00 AS Decimal(12, 2)), NULL, CAST(N'2018-12-24 01:09:18.710' AS DateTime), 1, CAST(N'2018-12-24 01:09:00' AS SmallDateTime), 1, NULL, NULL, NULL, NULL, NULL, NULL)
GO
INSERT [dbo].[tbl_AccountDetails] ([AccountID], [AccountTypeID], [AccountName], [AccountCode], [BankAccountNo], [Bank], [OpeningBalance], [ClosingDate], [OpeningDate], [IsActive], [AddOn], [Addby], [UpdateOn], [UpdateBy], [DeleteOn], [DeleteBy], [IsDeleted], [IsOperating]) VALUES (1002, 10, N'SHEHZAD', N'A/P Vendor', NULL, NULL, CAST(0.00 AS Decimal(12, 2)), NULL, CAST(N'2018-12-24 01:10:49.423' AS DateTime), 1, CAST(N'2018-12-24 01:11:00' AS SmallDateTime), 1, NULL, NULL, NULL, NULL, NULL, NULL)
GO
INSERT [dbo].[tbl_AccountDetails] ([AccountID], [AccountTypeID], [AccountName], [AccountCode], [BankAccountNo], [Bank], [OpeningBalance], [ClosingDate], [OpeningDate], [IsActive], [AddOn], [Addby], [UpdateOn], [UpdateBy], [DeleteOn], [DeleteBy], [IsDeleted], [IsOperating]) VALUES (1003, 8, N'SHEHZAD', N'A/R Customer', NULL, NULL, CAST(0.00 AS Decimal(12, 2)), NULL, CAST(N'2018-12-24 01:14:20.270' AS DateTime), 1, CAST(N'2018-12-24 01:14:00' AS SmallDateTime), 1, NULL, NULL, NULL, NULL, NULL, NULL)
GO
INSERT [dbo].[tbl_AccountDetails] ([AccountID], [AccountTypeID], [AccountName], [AccountCode], [BankAccountNo], [Bank], [OpeningBalance], [ClosingDate], [OpeningDate], [IsActive], [AddOn], [Addby], [UpdateOn], [UpdateBy], [DeleteOn], [DeleteBy], [IsDeleted], [IsOperating]) VALUES (1004, 8, N'AL EZ TRADING', N'A/R Customer', NULL, NULL, CAST(0.00 AS Decimal(12, 2)), NULL, CAST(N'2018-12-24 01:16:04.200' AS DateTime), 1, CAST(N'2018-12-24 01:16:00' AS SmallDateTime), 1, NULL, NULL, NULL, NULL, NULL, NULL)
GO
INSERT [dbo].[tbl_AccountDetails] ([AccountID], [AccountTypeID], [AccountName], [AccountCode], [BankAccountNo], [Bank], [OpeningBalance], [ClosingDate], [OpeningDate], [IsActive], [AddOn], [Addby], [UpdateOn], [UpdateBy], [DeleteOn], [DeleteBy], [IsDeleted], [IsOperating]) VALUES (1005, 8, N'Abdul Aziz', N'AAZ', NULL, NULL, CAST(0.00 AS Decimal(12, 2)), NULL, CAST(N'2019-01-07 01:34:25.440' AS DateTime), 1, CAST(N'2019-01-07 01:34:00' AS SmallDateTime), 1, NULL, NULL, NULL, NULL, NULL, NULL)
GO
INSERT [dbo].[tbl_AccountDetails] ([AccountID], [AccountTypeID], [AccountName], [AccountCode], [BankAccountNo], [Bank], [OpeningBalance], [ClosingDate], [OpeningDate], [IsActive], [AddOn], [Addby], [UpdateOn], [UpdateBy], [DeleteOn], [DeleteBy], [IsDeleted], [IsOperating]) VALUES (1006, 8, N'Abdul Samad', N'AH', NULL, NULL, CAST(0.00 AS Decimal(12, 2)), NULL, CAST(N'2019-01-07 01:39:04.290' AS DateTime), 1, CAST(N'2019-01-07 01:39:00' AS SmallDateTime), 1, NULL, NULL, NULL, NULL, NULL, NULL)
GO
INSERT [dbo].[tbl_AccountDetails] ([AccountID], [AccountTypeID], [AccountName], [AccountCode], [BankAccountNo], [Bank], [OpeningBalance], [ClosingDate], [OpeningDate], [IsActive], [AddOn], [Addby], [UpdateOn], [UpdateBy], [DeleteOn], [DeleteBy], [IsDeleted], [IsOperating]) VALUES (1007, 8, N'Test', N'Test-009', NULL, NULL, CAST(0.00 AS Decimal(12, 2)), NULL, CAST(N'2019-01-07 01:40:32.797' AS DateTime), 1, CAST(N'2019-01-07 01:41:00' AS SmallDateTime), 1, NULL, NULL, NULL, NULL, NULL, NULL)
GO
INSERT [dbo].[tbl_AccountDetails] ([AccountID], [AccountTypeID], [AccountName], [AccountCode], [BankAccountNo], [Bank], [OpeningBalance], [ClosingDate], [OpeningDate], [IsActive], [AddOn], [Addby], [UpdateOn], [UpdateBy], [DeleteOn], [DeleteBy], [IsDeleted], [IsOperating]) VALUES (1008, 10, N'malik', N'A/P Vendor', NULL, NULL, CAST(100.00 AS Decimal(12, 2)), NULL, CAST(N'2019-01-12 01:49:12.913' AS DateTime), 1, CAST(N'2019-01-12 01:49:00' AS SmallDateTime), 1, NULL, NULL, NULL, NULL, NULL, NULL)
GO
INSERT [dbo].[tbl_AccountDetails] ([AccountID], [AccountTypeID], [AccountName], [AccountCode], [BankAccountNo], [Bank], [OpeningBalance], [ClosingDate], [OpeningDate], [IsActive], [AddOn], [Addby], [UpdateOn], [UpdateBy], [DeleteOn], [DeleteBy], [IsDeleted], [IsOperating]) VALUES (1009, 8, N'malik', N'99879', NULL, NULL, CAST(0.00 AS Decimal(12, 2)), NULL, CAST(N'2019-01-12 02:11:54.650' AS DateTime), 1, CAST(N'2019-01-12 02:12:00' AS SmallDateTime), 1, NULL, NULL, NULL, NULL, NULL, NULL)
GO
SET IDENTITY_INSERT [dbo].[tbl_AccountDetails] OFF
GO

SET IDENTITY_INSERT [dbo].[tbl_PaymentTypes] ON 

GO
INSERT [dbo].[tbl_PaymentTypes] ([ID], [Name], [Type], [Code], [IsActive], [AddOn], [Addby], [UpdateOn], [UpdateBy], [DeleteOn], [DeleteBy], [IsDeleted], [AccountID]) VALUES (1, N'Cash', N'Csh', N'Csh', 1, NULL, 1, NULL, NULL, NULL, NULL, 0, 1)
GO
INSERT [dbo].[tbl_PaymentTypes] ([ID], [Name], [Type], [Code], [IsActive], [AddOn], [Addby], [UpdateOn], [UpdateBy], [DeleteOn], [DeleteBy], [IsDeleted], [AccountID]) VALUES (2, N'Bank', N'Bank', N'Bank', 1, NULL, 1, NULL, NULL, NULL, NULL, 0, 2)
GO
SET IDENTITY_INSERT [dbo].[tbl_PaymentTypes] OFF
GO
SET IDENTITY_INSERT [dbo].[tbl_PurchaseOrder] ON 

GO
INSERT [dbo].[tbl_PurchaseOrder] ([OrderID], [POID], [AccountID], [InvoiceNo], [PurchaseDate], [PaymentStatus], [PaymentTypeID], [VAT], [Expenses], [PurchaseCode], [Currency], [ExchangeRate], [TotalAmount], [DiscountPercent], [DiscountAmount], [AddOn], [AddBy], [UpdateOn], [UpdateBy], [IsReturned], [IsDeleted], [IsPaid], [Status], [AmountPaid], [TotalPaid], [ReturnAmount], [BranchID]) VALUES (1001, 1001, 28, N'990', CAST(N'2018-12-05 00:00:00' AS SmallDateTime), N'UnPaid', NULL, CAST(0.00 AS Decimal(9, 2)), CAST(0.00 AS Decimal(9, 2)), NULL, N'OMR', NULL, CAST(152.80 AS Decimal(12, 2)), NULL, NULL, CAST(N'2018-12-18 10:05:00' AS SmallDateTime), NULL, NULL, NULL, 0, NULL, 0, NULL, CAST(0.00 AS Decimal(9, 2)), CAST(0.00 AS Decimal(9, 2)), NULL, 9003)
GO
INSERT [dbo].[tbl_PurchaseOrder] ([OrderID], [POID], [AccountID], [InvoiceNo], [PurchaseDate], [PaymentStatus], [PaymentTypeID], [VAT], [Expenses], [PurchaseCode], [Currency], [ExchangeRate], [TotalAmount], [DiscountPercent], [DiscountAmount], [AddOn], [AddBy], [UpdateOn], [UpdateBy], [IsReturned], [IsDeleted], [IsPaid], [Status], [AmountPaid], [TotalPaid], [ReturnAmount], [BranchID]) VALUES (1008, 1002, 26, N'150', CAST(N'2018-12-15 00:00:00' AS SmallDateTime), N'UnPaid', 2, CAST(0.00 AS Decimal(9, 2)), CAST(0.00 AS Decimal(9, 2)), NULL, N'OMR', NULL, CAST(55.50 AS Decimal(12, 2)), NULL, NULL, CAST(N'2018-12-18 10:19:00' AS SmallDateTime), NULL, CAST(N'2018-12-18 10:48:00' AS SmallDateTime), NULL, 0, NULL, 0, NULL, CAST(56.00 AS Decimal(9, 2)), CAST(0.00 AS Decimal(9, 2)), NULL, 9003)
GO
INSERT [dbo].[tbl_PurchaseOrder] ([OrderID], [POID], [AccountID], [InvoiceNo], [PurchaseDate], [PaymentStatus], [PaymentTypeID], [VAT], [Expenses], [PurchaseCode], [Currency], [ExchangeRate], [TotalAmount], [DiscountPercent], [DiscountAmount], [AddOn], [AddBy], [UpdateOn], [UpdateBy], [IsReturned], [IsDeleted], [IsPaid], [Status], [AmountPaid], [TotalPaid], [ReturnAmount], [BranchID]) VALUES (1009, 1003, 26, N'224', CAST(N'2018-12-14 00:00:00' AS SmallDateTime), N'UnPaid', NULL, CAST(6800.00 AS Decimal(9, 2)), CAST(1000.00 AS Decimal(9, 2)), NULL, N'OMR', NULL, CAST(3400.01 AS Decimal(12, 2)), NULL, NULL, CAST(N'2018-12-18 10:46:00' AS SmallDateTime), NULL, NULL, NULL, 0, NULL, 0, NULL, CAST(0.00 AS Decimal(9, 2)), CAST(0.00 AS Decimal(9, 2)), NULL, 9003)
GO
INSERT [dbo].[tbl_PurchaseOrder] ([OrderID], [POID], [AccountID], [InvoiceNo], [PurchaseDate], [PaymentStatus], [PaymentTypeID], [VAT], [Expenses], [PurchaseCode], [Currency], [ExchangeRate], [TotalAmount], [DiscountPercent], [DiscountAmount], [AddOn], [AddBy], [UpdateOn], [UpdateBy], [IsReturned], [IsDeleted], [IsPaid], [Status], [AmountPaid], [TotalPaid], [ReturnAmount], [BranchID]) VALUES (1010, 1004, 34, N'0122', CAST(N'2018-12-19 00:00:00' AS SmallDateTime), N'Partial Paid', 1, CAST(1550.00 AS Decimal(9, 2)), CAST(5000.00 AS Decimal(9, 2)), NULL, N'OMR', NULL, CAST(31000.00 AS Decimal(12, 2)), NULL, NULL, CAST(N'2018-12-19 14:04:00' AS SmallDateTime), NULL, CAST(N'2018-12-19 14:30:00' AS SmallDateTime), NULL, 0, NULL, 0, NULL, CAST(28000.00 AS Decimal(9, 2)), CAST(0.00 AS Decimal(9, 2)), NULL, 9001)
GO
INSERT [dbo].[tbl_PurchaseOrder] ([OrderID], [POID], [AccountID], [InvoiceNo], [PurchaseDate], [PaymentStatus], [PaymentTypeID], [VAT], [Expenses], [PurchaseCode], [Currency], [ExchangeRate], [TotalAmount], [DiscountPercent], [DiscountAmount], [AddOn], [AddBy], [UpdateOn], [UpdateBy], [IsReturned], [IsDeleted], [IsPaid], [Status], [AmountPaid], [TotalPaid], [ReturnAmount], [BranchID]) VALUES (2002, 1005, 1001, N'1122', CAST(N'2018-12-24 00:00:00' AS SmallDateTime), N'Partial Paid', NULL, CAST(21.90 AS Decimal(9, 2)), CAST(20.00 AS Decimal(9, 2)), NULL, N'OMR', NULL, CAST(438.00 AS Decimal(12, 2)), NULL, NULL, CAST(N'2018-12-24 06:28:00' AS SmallDateTime), NULL, CAST(N'2019-01-12 08:04:00' AS SmallDateTime), NULL, 0, NULL, 0, NULL, CAST(250.00 AS Decimal(9, 2)), CAST(459.90 AS Decimal(9, 2)), NULL, 9001)
GO
INSERT [dbo].[tbl_PurchaseOrder] ([OrderID], [POID], [AccountID], [InvoiceNo], [PurchaseDate], [PaymentStatus], [PaymentTypeID], [VAT], [Expenses], [PurchaseCode], [Currency], [ExchangeRate], [TotalAmount], [DiscountPercent], [DiscountAmount], [AddOn], [AddBy], [UpdateOn], [UpdateBy], [IsReturned], [IsDeleted], [IsPaid], [Status], [AmountPaid], [TotalPaid], [ReturnAmount], [BranchID]) VALUES (2003, 1006, 1002, N'2222', CAST(N'2018-12-24 00:00:00' AS SmallDateTime), N'UnPaid', NULL, CAST(3.54 AS Decimal(9, 2)), CAST(2.00 AS Decimal(9, 2)), NULL, N'AED', NULL, CAST(70.72 AS Decimal(12, 2)), NULL, NULL, CAST(N'2018-12-24 06:31:00' AS SmallDateTime), NULL, NULL, NULL, 0, NULL, 0, NULL, CAST(0.00 AS Decimal(9, 2)), CAST(0.00 AS Decimal(9, 2)), NULL, 9001)
GO
INSERT [dbo].[tbl_PurchaseOrder] ([OrderID], [POID], [AccountID], [InvoiceNo], [PurchaseDate], [PaymentStatus], [PaymentTypeID], [VAT], [Expenses], [PurchaseCode], [Currency], [ExchangeRate], [TotalAmount], [DiscountPercent], [DiscountAmount], [AddOn], [AddBy], [UpdateOn], [UpdateBy], [IsReturned], [IsDeleted], [IsPaid], [Status], [AmountPaid], [TotalPaid], [ReturnAmount], [BranchID]) VALUES (2004, 1007, 1008, N'1111', CAST(N'2019-01-12 00:00:00' AS SmallDateTime), N'UnPaid', NULL, CAST(27.95 AS Decimal(9, 2)), CAST(0.00 AS Decimal(9, 2)), NULL, N'OMR', NULL, CAST(559.00 AS Decimal(12, 2)), NULL, NULL, CAST(N'2019-01-12 07:22:00' AS SmallDateTime), NULL, NULL, NULL, 0, NULL, 0, NULL, CAST(0.00 AS Decimal(9, 2)), CAST(0.00 AS Decimal(9, 2)), NULL, 9001)
GO
INSERT [dbo].[tbl_PurchaseOrder] ([OrderID], [POID], [AccountID], [InvoiceNo], [PurchaseDate], [PaymentStatus], [PaymentTypeID], [VAT], [Expenses], [PurchaseCode], [Currency], [ExchangeRate], [TotalAmount], [DiscountPercent], [DiscountAmount], [AddOn], [AddBy], [UpdateOn], [UpdateBy], [IsReturned], [IsDeleted], [IsPaid], [Status], [AmountPaid], [TotalPaid], [ReturnAmount], [BranchID]) VALUES (2005, 1008, 1001, N'1122', CAST(N'2019-01-12 00:00:00' AS SmallDateTime), N'UnPaid', NULL, CAST(0.34 AS Decimal(9, 2)), CAST(0.00 AS Decimal(9, 2)), NULL, N'AED', NULL, CAST(6.76 AS Decimal(12, 2)), NULL, NULL, CAST(N'2019-01-12 07:28:00' AS SmallDateTime), NULL, NULL, NULL, 0, NULL, 0, NULL, CAST(0.00 AS Decimal(9, 2)), CAST(0.00 AS Decimal(9, 2)), NULL, 9001)
GO
INSERT [dbo].[tbl_PurchaseOrder] ([OrderID], [POID], [AccountID], [InvoiceNo], [PurchaseDate], [PaymentStatus], [PaymentTypeID], [VAT], [Expenses], [PurchaseCode], [Currency], [ExchangeRate], [TotalAmount], [DiscountPercent], [DiscountAmount], [AddOn], [AddBy], [UpdateOn], [UpdateBy], [IsReturned], [IsDeleted], [IsPaid], [Status], [AmountPaid], [TotalPaid], [ReturnAmount], [BranchID]) VALUES (2006, 1009, 1002, N'2222', CAST(N'2019-01-13 00:00:00' AS SmallDateTime), N'UnPaid', NULL, CAST(24.48 AS Decimal(9, 2)), CAST(0.00 AS Decimal(9, 2)), NULL, N'OMR', NULL, CAST(489.62 AS Decimal(12, 2)), NULL, NULL, CAST(N'2019-01-13 13:34:00' AS SmallDateTime), NULL, NULL, NULL, 0, NULL, 0, NULL, CAST(0.00 AS Decimal(9, 2)), CAST(0.00 AS Decimal(9, 2)), NULL, 9001)
GO
SET IDENTITY_INSERT [dbo].[tbl_PurchaseOrder] OFF
GO
SET IDENTITY_INSERT [dbo].[tbl_PurchaseReturn] ON 

GO
INSERT [dbo].[tbl_PurchaseReturn] ([PurchaseReturnID], [AccountID], [PurchaseID], [InvoiceNo], [ReturnDate], [PaymentStatus], [PaymentTypeID], [VAT], [Expenses], [PurchaseCode], [Currency], [TotalAmount], [DiscountPercent], [DiscountAmount], [AddOn], [AddBy], [UpdateOn], [UpdateBy], [IsDeleted], [IsPaid], [Status], [BranchID]) VALUES (1, 28, 1001, N'990', CAST(N'2018-12-18 05:47:00' AS SmallDateTime), NULL, NULL, CAST(0.00 AS Decimal(9, 2)), NULL, NULL, NULL, CAST(44.80 AS Decimal(12, 2)), NULL, NULL, CAST(N'2018-12-18 10:47:00' AS SmallDateTime), NULL, NULL, NULL, NULL, NULL, NULL, 9003)
GO
INSERT [dbo].[tbl_PurchaseReturn] ([PurchaseReturnID], [AccountID], [PurchaseID], [InvoiceNo], [ReturnDate], [PaymentStatus], [PaymentTypeID], [VAT], [Expenses], [PurchaseCode], [Currency], [TotalAmount], [DiscountPercent], [DiscountAmount], [AddOn], [AddBy], [UpdateOn], [UpdateBy], [IsDeleted], [IsPaid], [Status], [BranchID]) VALUES (2, 1001, 2002, N'1122', CAST(N'2018-12-24 01:32:00' AS SmallDateTime), NULL, NULL, CAST(10.95 AS Decimal(9, 2)), NULL, NULL, NULL, CAST(219.00 AS Decimal(12, 2)), NULL, NULL, CAST(N'2018-12-24 06:32:00' AS SmallDateTime), NULL, NULL, NULL, NULL, NULL, NULL, 9001)
GO
INSERT [dbo].[tbl_PurchaseReturn] ([PurchaseReturnID], [AccountID], [PurchaseID], [InvoiceNo], [ReturnDate], [PaymentStatus], [PaymentTypeID], [VAT], [Expenses], [PurchaseCode], [Currency], [TotalAmount], [DiscountPercent], [DiscountAmount], [AddOn], [AddBy], [UpdateOn], [UpdateBy], [IsDeleted], [IsPaid], [Status], [BranchID]) VALUES (3, 1008, 2004, N'1111', CAST(N'2019-01-12 02:23:00' AS SmallDateTime), NULL, NULL, CAST(5.42 AS Decimal(9, 2)), NULL, NULL, NULL, CAST(108.40 AS Decimal(12, 2)), NULL, NULL, CAST(N'2019-01-12 07:23:00' AS SmallDateTime), NULL, NULL, NULL, NULL, NULL, NULL, 9001)
GO
INSERT [dbo].[tbl_PurchaseReturn] ([PurchaseReturnID], [AccountID], [PurchaseID], [InvoiceNo], [ReturnDate], [PaymentStatus], [PaymentTypeID], [VAT], [Expenses], [PurchaseCode], [Currency], [TotalAmount], [DiscountPercent], [DiscountAmount], [AddOn], [AddBy], [UpdateOn], [UpdateBy], [IsDeleted], [IsPaid], [Status], [BranchID]) VALUES (4, 1008, 2004, N'1111', CAST(N'2019-01-14 02:35:00' AS SmallDateTime), NULL, NULL, CAST(5.42 AS Decimal(9, 2)), NULL, NULL, NULL, CAST(108.40 AS Decimal(12, 2)), NULL, NULL, CAST(N'2019-01-13 07:35:00' AS SmallDateTime), NULL, NULL, NULL, NULL, NULL, NULL, 9001)
GO
SET IDENTITY_INSERT [dbo].[tbl_PurchaseReturn] OFF
GO
SET IDENTITY_INSERT [dbo].[tbl_Quotation] ON 

GO
INSERT [dbo].[tbl_Quotation] ([OrderID], [QuoteID], [HoldID], [TmpID], [BranchID], [AccountID], [CustomerCode], [PONo], [VehicleNo], [InvoiceNo], [SalesDate], [PaymentStatus], [PaymentTypeID], [SalesCode], [Currency], [TotalAmount], [FinalAmount], [AmountPaid], [DiscountPercent], [DiscountAmount], [AddOn], [AddBy], [UpdateOn], [UpdateBy], [IsReturned], [IsDeleted], [IsPaid], [Status], [BankName], [ChequeNo], [ChequeDate], [VAT], [IsQuote], [IsUnsaved], [IsHold], [IsSubmit], [SubmitOrderID]) VALUES (1, N'Q-1201', NULL, NULL, 9001, 33, NULL, N'1155', NULL, NULL, CAST(N'2018-12-19 00:00:00' AS SmallDateTime), NULL, NULL, NULL, NULL, CAST(1500.00 AS Decimal(12, 2)), NULL, NULL, NULL, NULL, CAST(N'2018-12-18 10:22:00' AS SmallDateTime), NULL, NULL, NULL, 0, NULL, NULL, NULL, NULL, NULL, NULL, NULL, 1, 0, 0, 0, NULL)
GO
INSERT [dbo].[tbl_Quotation] ([OrderID], [QuoteID], [HoldID], [TmpID], [BranchID], [AccountID], [CustomerCode], [PONo], [VehicleNo], [InvoiceNo], [SalesDate], [PaymentStatus], [PaymentTypeID], [SalesCode], [Currency], [TotalAmount], [FinalAmount], [AmountPaid], [DiscountPercent], [DiscountAmount], [AddOn], [AddBy], [UpdateOn], [UpdateBy], [IsReturned], [IsDeleted], [IsPaid], [Status], [BankName], [ChequeNo], [ChequeDate], [VAT], [IsQuote], [IsUnsaved], [IsHold], [IsSubmit], [SubmitOrderID]) VALUES (2, NULL, N'H-1202', NULL, 9001, 29, NULL, N'1155', NULL, NULL, CAST(N'2018-12-15 00:00:00' AS SmallDateTime), N'0', NULL, NULL, NULL, CAST(40.00 AS Decimal(12, 2)), NULL, NULL, NULL, NULL, CAST(N'2018-12-18 10:24:00' AS SmallDateTime), NULL, NULL, NULL, 0, NULL, NULL, NULL, NULL, NULL, NULL, CAST(0.00 AS Decimal(9, 2)), 0, 0, 1, 1, 1001)
GO
INSERT [dbo].[tbl_Quotation] ([OrderID], [QuoteID], [HoldID], [TmpID], [BranchID], [AccountID], [CustomerCode], [PONo], [VehicleNo], [InvoiceNo], [SalesDate], [PaymentStatus], [PaymentTypeID], [SalesCode], [Currency], [TotalAmount], [FinalAmount], [AmountPaid], [DiscountPercent], [DiscountAmount], [AddOn], [AddBy], [UpdateOn], [UpdateBy], [IsReturned], [IsDeleted], [IsPaid], [Status], [BankName], [ChequeNo], [ChequeDate], [VAT], [IsQuote], [IsUnsaved], [IsHold], [IsSubmit], [SubmitOrderID]) VALUES (3, NULL, N'H-1001', NULL, 9001, 29, NULL, NULL, NULL, NULL, CAST(N'2018-12-01 00:00:00' AS SmallDateTime), N'UnPaid', NULL, NULL, NULL, CAST(3000.00 AS Decimal(12, 2)), NULL, CAST(0.00 AS Decimal(18, 2)), NULL, CAST(1.00 AS Decimal(9, 2)), CAST(N'2018-12-20 07:51:00' AS SmallDateTime), NULL, NULL, NULL, 0, NULL, NULL, NULL, NULL, NULL, NULL, CAST(0.00 AS Decimal(9, 2)), 0, 0, 1, 0, NULL)
GO
INSERT [dbo].[tbl_Quotation] ([OrderID], [QuoteID], [HoldID], [TmpID], [BranchID], [AccountID], [CustomerCode], [PONo], [VehicleNo], [InvoiceNo], [SalesDate], [PaymentStatus], [PaymentTypeID], [SalesCode], [Currency], [TotalAmount], [FinalAmount], [AmountPaid], [DiscountPercent], [DiscountAmount], [AddOn], [AddBy], [UpdateOn], [UpdateBy], [IsReturned], [IsDeleted], [IsPaid], [Status], [BankName], [ChequeNo], [ChequeDate], [VAT], [IsQuote], [IsUnsaved], [IsHold], [IsSubmit], [SubmitOrderID]) VALUES (4, N'Q-1201', NULL, NULL, 9001, 29, NULL, NULL, NULL, NULL, CAST(N'2018-12-20 00:00:00' AS SmallDateTime), NULL, NULL, NULL, NULL, CAST(7.80 AS Decimal(12, 2)), NULL, NULL, NULL, NULL, CAST(N'2018-12-20 13:46:00' AS SmallDateTime), NULL, NULL, NULL, 0, NULL, NULL, NULL, NULL, NULL, NULL, NULL, 1, 0, 0, 0, NULL)
GO
INSERT [dbo].[tbl_Quotation] ([OrderID], [QuoteID], [HoldID], [TmpID], [BranchID], [AccountID], [CustomerCode], [PONo], [VehicleNo], [InvoiceNo], [SalesDate], [PaymentStatus], [PaymentTypeID], [SalesCode], [Currency], [TotalAmount], [FinalAmount], [AmountPaid], [DiscountPercent], [DiscountAmount], [AddOn], [AddBy], [UpdateOn], [UpdateBy], [IsReturned], [IsDeleted], [IsPaid], [Status], [BankName], [ChequeNo], [ChequeDate], [VAT], [IsQuote], [IsUnsaved], [IsHold], [IsSubmit], [SubmitOrderID]) VALUES (1002, N'Q-1202', NULL, NULL, 9001, 1004, NULL, N'1234', NULL, NULL, CAST(N'2018-12-24 00:00:00' AS SmallDateTime), NULL, NULL, NULL, NULL, CAST(186.00 AS Decimal(12, 2)), NULL, NULL, NULL, NULL, CAST(N'2018-12-24 06:41:00' AS SmallDateTime), NULL, NULL, NULL, 0, NULL, NULL, NULL, NULL, NULL, NULL, NULL, 1, 0, 0, 1, 2002)
GO
INSERT [dbo].[tbl_Quotation] ([OrderID], [QuoteID], [HoldID], [TmpID], [BranchID], [AccountID], [CustomerCode], [PONo], [VehicleNo], [InvoiceNo], [SalesDate], [PaymentStatus], [PaymentTypeID], [SalesCode], [Currency], [TotalAmount], [FinalAmount], [AmountPaid], [DiscountPercent], [DiscountAmount], [AddOn], [AddBy], [UpdateOn], [UpdateBy], [IsReturned], [IsDeleted], [IsPaid], [Status], [BankName], [ChequeNo], [ChequeDate], [VAT], [IsQuote], [IsUnsaved], [IsHold], [IsSubmit], [SubmitOrderID]) VALUES (1003, NULL, N'H-1203', NULL, 9001, 29, NULL, NULL, NULL, NULL, CAST(N'2018-12-25 00:00:00' AS SmallDateTime), N'0', NULL, NULL, NULL, CAST(1500.00 AS Decimal(12, 2)), NULL, NULL, NULL, NULL, CAST(N'2018-12-25 16:17:00' AS SmallDateTime), NULL, NULL, NULL, 0, NULL, NULL, NULL, NULL, NULL, NULL, CAST(0.00 AS Decimal(9, 2)), 0, 0, 1, 0, NULL)
GO
INSERT [dbo].[tbl_Quotation] ([OrderID], [QuoteID], [HoldID], [TmpID], [BranchID], [AccountID], [CustomerCode], [PONo], [VehicleNo], [InvoiceNo], [SalesDate], [PaymentStatus], [PaymentTypeID], [SalesCode], [Currency], [TotalAmount], [FinalAmount], [AmountPaid], [DiscountPercent], [DiscountAmount], [AddOn], [AddBy], [UpdateOn], [UpdateBy], [IsReturned], [IsDeleted], [IsPaid], [Status], [BankName], [ChequeNo], [ChequeDate], [VAT], [IsQuote], [IsUnsaved], [IsHold], [IsSubmit], [SubmitOrderID]) VALUES (1004, N'Q-1203', NULL, NULL, 9001, 29, NULL, NULL, NULL, NULL, CAST(N'2019-01-03 00:00:00' AS SmallDateTime), NULL, NULL, NULL, NULL, CAST(2500.00 AS Decimal(12, 2)), NULL, NULL, NULL, NULL, CAST(N'2019-01-03 11:45:00' AS SmallDateTime), NULL, NULL, NULL, 0, NULL, NULL, NULL, NULL, NULL, NULL, NULL, 1, 0, 0, 0, NULL)
GO
INSERT [dbo].[tbl_Quotation] ([OrderID], [QuoteID], [HoldID], [TmpID], [BranchID], [AccountID], [CustomerCode], [PONo], [VehicleNo], [InvoiceNo], [SalesDate], [PaymentStatus], [PaymentTypeID], [SalesCode], [Currency], [TotalAmount], [FinalAmount], [AmountPaid], [DiscountPercent], [DiscountAmount], [AddOn], [AddBy], [UpdateOn], [UpdateBy], [IsReturned], [IsDeleted], [IsPaid], [Status], [BankName], [ChequeNo], [ChequeDate], [VAT], [IsQuote], [IsUnsaved], [IsHold], [IsSubmit], [SubmitOrderID]) VALUES (1005, NULL, N'1009', NULL, 9001, 1007, NULL, NULL, NULL, NULL, CAST(N'2019-01-07 00:00:00' AS SmallDateTime), N'Paid', 1, NULL, NULL, CAST(174.00 AS Decimal(12, 2)), NULL, CAST(174.00 AS Decimal(18, 2)), NULL, NULL, CAST(N'2019-01-07 07:09:00' AS SmallDateTime), NULL, NULL, NULL, 0, NULL, NULL, NULL, NULL, NULL, NULL, CAST(0.00 AS Decimal(9, 2)), 0, 0, 0, 0, NULL)
GO
INSERT [dbo].[tbl_Quotation] ([OrderID], [QuoteID], [HoldID], [TmpID], [BranchID], [AccountID], [CustomerCode], [PONo], [VehicleNo], [InvoiceNo], [SalesDate], [PaymentStatus], [PaymentTypeID], [SalesCode], [Currency], [TotalAmount], [FinalAmount], [AmountPaid], [DiscountPercent], [DiscountAmount], [AddOn], [AddBy], [UpdateOn], [UpdateBy], [IsReturned], [IsDeleted], [IsPaid], [Status], [BankName], [ChequeNo], [ChequeDate], [VAT], [IsQuote], [IsUnsaved], [IsHold], [IsSubmit], [SubmitOrderID]) VALUES (1006, NULL, N'1009', NULL, 9001, 1007, NULL, NULL, NULL, NULL, CAST(N'2019-01-07 00:00:00' AS SmallDateTime), N'Paid', 1, NULL, NULL, CAST(174.00 AS Decimal(12, 2)), NULL, CAST(174.00 AS Decimal(18, 2)), NULL, NULL, CAST(N'2019-01-07 07:10:00' AS SmallDateTime), NULL, NULL, NULL, 0, NULL, NULL, NULL, NULL, NULL, NULL, CAST(0.00 AS Decimal(9, 2)), 0, 0, 0, 0, NULL)
GO
INSERT [dbo].[tbl_Quotation] ([OrderID], [QuoteID], [HoldID], [TmpID], [BranchID], [AccountID], [CustomerCode], [PONo], [VehicleNo], [InvoiceNo], [SalesDate], [PaymentStatus], [PaymentTypeID], [SalesCode], [Currency], [TotalAmount], [FinalAmount], [AmountPaid], [DiscountPercent], [DiscountAmount], [AddOn], [AddBy], [UpdateOn], [UpdateBy], [IsReturned], [IsDeleted], [IsPaid], [Status], [BankName], [ChequeNo], [ChequeDate], [VAT], [IsQuote], [IsUnsaved], [IsHold], [IsSubmit], [SubmitOrderID]) VALUES (1007, N'Q-1204', NULL, NULL, 9001, 1009, NULL, N'1234', N'1245', NULL, CAST(N'2019-01-12 00:00:00' AS SmallDateTime), NULL, NULL, NULL, NULL, CAST(4.00 AS Decimal(12, 2)), NULL, NULL, NULL, NULL, CAST(N'2019-01-12 07:30:00' AS SmallDateTime), NULL, NULL, NULL, 0, NULL, NULL, NULL, NULL, NULL, NULL, NULL, 1, 0, 0, 0, NULL)
GO
INSERT [dbo].[tbl_Quotation] ([OrderID], [QuoteID], [HoldID], [TmpID], [BranchID], [AccountID], [CustomerCode], [PONo], [VehicleNo], [InvoiceNo], [SalesDate], [PaymentStatus], [PaymentTypeID], [SalesCode], [Currency], [TotalAmount], [FinalAmount], [AmountPaid], [DiscountPercent], [DiscountAmount], [AddOn], [AddBy], [UpdateOn], [UpdateBy], [IsReturned], [IsDeleted], [IsPaid], [Status], [BankName], [ChequeNo], [ChequeDate], [VAT], [IsQuote], [IsUnsaved], [IsHold], [IsSubmit], [SubmitOrderID]) VALUES (1008, NULL, N'1010', NULL, 9001, 1009, NULL, NULL, NULL, NULL, CAST(N'2019-01-12 00:00:00' AS SmallDateTime), N'UnPaid', NULL, NULL, NULL, CAST(115.00 AS Decimal(12, 2)), NULL, NULL, NULL, NULL, CAST(N'2019-01-12 07:41:00' AS SmallDateTime), NULL, NULL, NULL, 0, NULL, NULL, NULL, NULL, NULL, NULL, CAST(0.00 AS Decimal(9, 2)), 0, 0, 0, 0, NULL)
GO
INSERT [dbo].[tbl_Quotation] ([OrderID], [QuoteID], [HoldID], [TmpID], [BranchID], [AccountID], [CustomerCode], [PONo], [VehicleNo], [InvoiceNo], [SalesDate], [PaymentStatus], [PaymentTypeID], [SalesCode], [Currency], [TotalAmount], [FinalAmount], [AmountPaid], [DiscountPercent], [DiscountAmount], [AddOn], [AddBy], [UpdateOn], [UpdateBy], [IsReturned], [IsDeleted], [IsPaid], [Status], [BankName], [ChequeNo], [ChequeDate], [VAT], [IsQuote], [IsUnsaved], [IsHold], [IsSubmit], [SubmitOrderID]) VALUES (1009, NULL, N'H-1204', NULL, 9001, 1009, NULL, NULL, NULL, NULL, CAST(N'2019-01-12 00:00:00' AS SmallDateTime), N'UnPaid', NULL, NULL, NULL, CAST(54.00 AS Decimal(12, 2)), NULL, NULL, NULL, NULL, CAST(N'2019-01-12 07:46:00' AS SmallDateTime), NULL, NULL, NULL, 0, NULL, NULL, NULL, NULL, NULL, NULL, CAST(0.00 AS Decimal(9, 2)), 0, 0, 1, 0, NULL)
GO
INSERT [dbo].[tbl_Quotation] ([OrderID], [QuoteID], [HoldID], [TmpID], [BranchID], [AccountID], [CustomerCode], [PONo], [VehicleNo], [InvoiceNo], [SalesDate], [PaymentStatus], [PaymentTypeID], [SalesCode], [Currency], [TotalAmount], [FinalAmount], [AmountPaid], [DiscountPercent], [DiscountAmount], [AddOn], [AddBy], [UpdateOn], [UpdateBy], [IsReturned], [IsDeleted], [IsPaid], [Status], [BankName], [ChequeNo], [ChequeDate], [VAT], [IsQuote], [IsUnsaved], [IsHold], [IsSubmit], [SubmitOrderID]) VALUES (1010, NULL, N'1011', NULL, 9001, 1009, NULL, NULL, NULL, NULL, CAST(N'2019-01-16 00:00:00' AS SmallDateTime), N'UnPaid', 2, NULL, NULL, CAST(6000.00 AS Decimal(12, 2)), NULL, NULL, NULL, NULL, CAST(N'2019-01-16 11:33:00' AS SmallDateTime), NULL, NULL, NULL, 0, NULL, NULL, NULL, NULL, NULL, NULL, CAST(0.00 AS Decimal(9, 2)), 0, 0, 0, 0, NULL)
GO
INSERT [dbo].[tbl_Quotation] ([OrderID], [QuoteID], [HoldID], [TmpID], [BranchID], [AccountID], [CustomerCode], [PONo], [VehicleNo], [InvoiceNo], [SalesDate], [PaymentStatus], [PaymentTypeID], [SalesCode], [Currency], [TotalAmount], [FinalAmount], [AmountPaid], [DiscountPercent], [DiscountAmount], [AddOn], [AddBy], [UpdateOn], [UpdateBy], [IsReturned], [IsDeleted], [IsPaid], [Status], [BankName], [ChequeNo], [ChequeDate], [VAT], [IsQuote], [IsUnsaved], [IsHold], [IsSubmit], [SubmitOrderID]) VALUES (1011, NULL, N'1011', NULL, 9001, 1009, NULL, NULL, NULL, NULL, CAST(N'2019-01-16 00:00:00' AS SmallDateTime), N'UnPaid', 1, NULL, NULL, NULL, NULL, CAST(6000.00 AS Decimal(18, 2)), NULL, NULL, CAST(N'2019-01-16 11:44:00' AS SmallDateTime), NULL, NULL, NULL, 0, NULL, NULL, NULL, NULL, NULL, NULL, CAST(0.00 AS Decimal(9, 2)), 0, 0, 0, 0, NULL)
GO
INSERT [dbo].[tbl_Quotation] ([OrderID], [QuoteID], [HoldID], [TmpID], [BranchID], [AccountID], [CustomerCode], [PONo], [VehicleNo], [InvoiceNo], [SalesDate], [PaymentStatus], [PaymentTypeID], [SalesCode], [Currency], [TotalAmount], [FinalAmount], [AmountPaid], [DiscountPercent], [DiscountAmount], [AddOn], [AddBy], [UpdateOn], [UpdateBy], [IsReturned], [IsDeleted], [IsPaid], [Status], [BankName], [ChequeNo], [ChequeDate], [VAT], [IsQuote], [IsUnsaved], [IsHold], [IsSubmit], [SubmitOrderID]) VALUES (1012, NULL, N'1011', NULL, 9001, 1009, NULL, NULL, NULL, NULL, CAST(N'2019-01-16 00:00:00' AS SmallDateTime), N'UnPaid', 1, NULL, NULL, NULL, NULL, CAST(6000.00 AS Decimal(18, 2)), NULL, NULL, CAST(N'2019-01-16 11:45:00' AS SmallDateTime), NULL, NULL, NULL, 0, NULL, NULL, NULL, NULL, NULL, NULL, CAST(0.00 AS Decimal(9, 2)), 0, 0, 0, 0, NULL)
GO
INSERT [dbo].[tbl_Quotation] ([OrderID], [QuoteID], [HoldID], [TmpID], [BranchID], [AccountID], [CustomerCode], [PONo], [VehicleNo], [InvoiceNo], [SalesDate], [PaymentStatus], [PaymentTypeID], [SalesCode], [Currency], [TotalAmount], [FinalAmount], [AmountPaid], [DiscountPercent], [DiscountAmount], [AddOn], [AddBy], [UpdateOn], [UpdateBy], [IsReturned], [IsDeleted], [IsPaid], [Status], [BankName], [ChequeNo], [ChequeDate], [VAT], [IsQuote], [IsUnsaved], [IsHold], [IsSubmit], [SubmitOrderID]) VALUES (1013, NULL, N'1011', NULL, 9001, 1009, NULL, NULL, NULL, NULL, CAST(N'2019-01-16 00:00:00' AS SmallDateTime), N'UnPaid', 1, NULL, NULL, NULL, NULL, CAST(6000.00 AS Decimal(18, 2)), NULL, NULL, CAST(N'2019-01-16 11:49:00' AS SmallDateTime), NULL, NULL, NULL, 0, NULL, NULL, NULL, NULL, NULL, NULL, CAST(0.00 AS Decimal(9, 2)), 0, 0, 0, 0, NULL)
GO
SET IDENTITY_INSERT [dbo].[tbl_Quotation] OFF
GO
SET IDENTITY_INSERT [dbo].[tbl_SalesOrder] ON 

GO
INSERT [dbo].[tbl_SalesOrder] ([OrderID], [SOID], [BranchID], [AccountID], [QuoteID], [HoldID], [TmpID], [CustomerCode], [PONo], [VehicleNo], [InvoiceNo], [SalesDate], [PaymentStatus], [PaymentTypeID], [SalesCode], [Currency], [TotalAmount], [FinalAmount], [AmountPaid], [TotalPaid], [DiscountPercent], [DiscountAmount], [AddOn], [AddBy], [UpdateOn], [UpdateBy], [IsReturned], [IsDeleted], [IsPaid], [Status], [BankName], [ChequeNo], [ChequeDate], [VAT]) VALUES (1001, 1001, 9001, 29, NULL, NULL, NULL, NULL, NULL, NULL, NULL, CAST(N'2018-12-29 00:00:00' AS SmallDateTime), N'Paid', 2, NULL, NULL, CAST(30.00 AS Decimal(12, 2)), NULL, CAST(36.00 AS Decimal(18, 2)), CAST(0.00 AS Decimal(18, 2)), NULL, CAST(10.00 AS Decimal(9, 2)), CAST(N'2018-12-18 11:16:00' AS SmallDateTime), NULL, NULL, NULL, 0, NULL, 1, NULL, NULL, NULL, NULL, CAST(6.00 AS Decimal(9, 2)))
GO
INSERT [dbo].[tbl_SalesOrder] ([OrderID], [SOID], [BranchID], [AccountID], [QuoteID], [HoldID], [TmpID], [CustomerCode], [PONo], [VehicleNo], [InvoiceNo], [SalesDate], [PaymentStatus], [PaymentTypeID], [SalesCode], [Currency], [TotalAmount], [FinalAmount], [AmountPaid], [TotalPaid], [DiscountPercent], [DiscountAmount], [AddOn], [AddBy], [UpdateOn], [UpdateBy], [IsReturned], [IsDeleted], [IsPaid], [Status], [BankName], [ChequeNo], [ChequeDate], [VAT]) VALUES (1002, 1002, 9002, 35, NULL, NULL, NULL, NULL, N'5522', NULL, NULL, CAST(N'2018-12-19 00:00:00' AS SmallDateTime), N'Partial Paid', 1, NULL, NULL, CAST(6500.00 AS Decimal(12, 2)), NULL, CAST(6000.00 AS Decimal(18, 2)), CAST(0.00 AS Decimal(18, 2)), NULL, CAST(500.00 AS Decimal(9, 2)), CAST(N'2018-12-19 14:53:00' AS SmallDateTime), NULL, NULL, NULL, 0, NULL, 0, NULL, NULL, NULL, NULL, CAST(325.00 AS Decimal(9, 2)))
GO
INSERT [dbo].[tbl_SalesOrder] ([OrderID], [SOID], [BranchID], [AccountID], [QuoteID], [HoldID], [TmpID], [CustomerCode], [PONo], [VehicleNo], [InvoiceNo], [SalesDate], [PaymentStatus], [PaymentTypeID], [SalesCode], [Currency], [TotalAmount], [FinalAmount], [AmountPaid], [TotalPaid], [DiscountPercent], [DiscountAmount], [AddOn], [AddBy], [UpdateOn], [UpdateBy], [IsReturned], [IsDeleted], [IsPaid], [Status], [BankName], [ChequeNo], [ChequeDate], [VAT]) VALUES (2002, 1003, 9001, 1004, NULL, NULL, NULL, NULL, N'1234', NULL, NULL, CAST(N'2018-12-24 00:00:00' AS SmallDateTime), N'UnPaid', NULL, NULL, NULL, CAST(185.00 AS Decimal(12, 2)), NULL, CAST(0.00 AS Decimal(18, 2)), CAST(0.00 AS Decimal(18, 2)), NULL, CAST(1.00 AS Decimal(9, 2)), CAST(N'2018-12-24 06:43:00' AS SmallDateTime), NULL, NULL, NULL, 0, NULL, 0, NULL, NULL, NULL, NULL, CAST(0.00 AS Decimal(9, 2)))
GO
INSERT [dbo].[tbl_SalesOrder] ([OrderID], [SOID], [BranchID], [AccountID], [QuoteID], [HoldID], [TmpID], [CustomerCode], [PONo], [VehicleNo], [InvoiceNo], [SalesDate], [PaymentStatus], [PaymentTypeID], [SalesCode], [Currency], [TotalAmount], [FinalAmount], [AmountPaid], [TotalPaid], [DiscountPercent], [DiscountAmount], [AddOn], [AddBy], [UpdateOn], [UpdateBy], [IsReturned], [IsDeleted], [IsPaid], [Status], [BankName], [ChequeNo], [ChequeDate], [VAT]) VALUES (2003, 1004, 9003, 1003, NULL, NULL, NULL, NULL, NULL, NULL, NULL, CAST(N'2018-12-24 00:00:00' AS SmallDateTime), N'UnPaid', 2, NULL, NULL, CAST(120.00 AS Decimal(12, 2)), NULL, CAST(0.00 AS Decimal(18, 2)), CAST(0.00 AS Decimal(18, 2)), NULL, CAST(0.00 AS Decimal(9, 2)), CAST(N'2018-12-24 16:00:00' AS SmallDateTime), NULL, NULL, NULL, 0, NULL, 0, NULL, NULL, NULL, NULL, CAST(0.00 AS Decimal(9, 2)))
GO
INSERT [dbo].[tbl_SalesOrder] ([OrderID], [SOID], [BranchID], [AccountID], [QuoteID], [HoldID], [TmpID], [CustomerCode], [PONo], [VehicleNo], [InvoiceNo], [SalesDate], [PaymentStatus], [PaymentTypeID], [SalesCode], [Currency], [TotalAmount], [FinalAmount], [AmountPaid], [TotalPaid], [DiscountPercent], [DiscountAmount], [AddOn], [AddBy], [UpdateOn], [UpdateBy], [IsReturned], [IsDeleted], [IsPaid], [Status], [BankName], [ChequeNo], [ChequeDate], [VAT]) VALUES (2004, 1005, 9001, 1003, NULL, NULL, NULL, NULL, NULL, NULL, NULL, CAST(N'2018-12-26 00:00:00' AS SmallDateTime), N'UnPaid', NULL, NULL, NULL, CAST(125.00 AS Decimal(12, 2)), NULL, CAST(0.00 AS Decimal(18, 2)), CAST(0.00 AS Decimal(18, 2)), NULL, NULL, CAST(N'2018-12-26 05:44:00' AS SmallDateTime), NULL, NULL, NULL, 0, NULL, 0, NULL, NULL, NULL, NULL, CAST(0.00 AS Decimal(9, 2)))
GO
INSERT [dbo].[tbl_SalesOrder] ([OrderID], [SOID], [BranchID], [AccountID], [QuoteID], [HoldID], [TmpID], [CustomerCode], [PONo], [VehicleNo], [InvoiceNo], [SalesDate], [PaymentStatus], [PaymentTypeID], [SalesCode], [Currency], [TotalAmount], [FinalAmount], [AmountPaid], [TotalPaid], [DiscountPercent], [DiscountAmount], [AddOn], [AddBy], [UpdateOn], [UpdateBy], [IsReturned], [IsDeleted], [IsPaid], [Status], [BankName], [ChequeNo], [ChequeDate], [VAT]) VALUES (2005, 1006, 9001, 1003, NULL, NULL, NULL, NULL, NULL, NULL, NULL, CAST(N'2018-12-26 00:00:00' AS SmallDateTime), N'Paid', 2, NULL, NULL, CAST(90.00 AS Decimal(12, 2)), NULL, CAST(90.00 AS Decimal(18, 2)), CAST(0.00 AS Decimal(18, 2)), NULL, CAST(0.00 AS Decimal(9, 2)), CAST(N'2018-12-26 05:45:00' AS SmallDateTime), NULL, NULL, NULL, 0, NULL, 1, NULL, NULL, NULL, NULL, CAST(0.00 AS Decimal(9, 2)))
GO
INSERT [dbo].[tbl_SalesOrder] ([OrderID], [SOID], [BranchID], [AccountID], [QuoteID], [HoldID], [TmpID], [CustomerCode], [PONo], [VehicleNo], [InvoiceNo], [SalesDate], [PaymentStatus], [PaymentTypeID], [SalesCode], [Currency], [TotalAmount], [FinalAmount], [AmountPaid], [TotalPaid], [DiscountPercent], [DiscountAmount], [AddOn], [AddBy], [UpdateOn], [UpdateBy], [IsReturned], [IsDeleted], [IsPaid], [Status], [BankName], [ChequeNo], [ChequeDate], [VAT]) VALUES (2006, 1007, 9001, 1003, NULL, NULL, NULL, NULL, NULL, NULL, NULL, CAST(N'2018-12-26 00:00:00' AS SmallDateTime), N'Partial Paid', 1, NULL, NULL, CAST(50.00 AS Decimal(12, 2)), NULL, CAST(25.00 AS Decimal(18, 2)), CAST(0.00 AS Decimal(18, 2)), NULL, NULL, CAST(N'2018-12-26 05:46:00' AS SmallDateTime), NULL, NULL, NULL, 0, NULL, 0, NULL, NULL, NULL, NULL, CAST(0.00 AS Decimal(9, 2)))
GO
INSERT [dbo].[tbl_SalesOrder] ([OrderID], [SOID], [BranchID], [AccountID], [QuoteID], [HoldID], [TmpID], [CustomerCode], [PONo], [VehicleNo], [InvoiceNo], [SalesDate], [PaymentStatus], [PaymentTypeID], [SalesCode], [Currency], [TotalAmount], [FinalAmount], [AmountPaid], [TotalPaid], [DiscountPercent], [DiscountAmount], [AddOn], [AddBy], [UpdateOn], [UpdateBy], [IsReturned], [IsDeleted], [IsPaid], [Status], [BankName], [ChequeNo], [ChequeDate], [VAT]) VALUES (2007, 1008, 9001, 1003, NULL, NULL, NULL, NULL, NULL, NULL, NULL, CAST(N'2019-01-02 00:00:00' AS SmallDateTime), N'UnPaid', NULL, NULL, NULL, CAST(84.00 AS Decimal(12, 2)), NULL, CAST(0.00 AS Decimal(18, 2)), CAST(0.00 AS Decimal(18, 2)), NULL, NULL, CAST(N'2019-01-02 15:35:00' AS SmallDateTime), NULL, NULL, NULL, 0, NULL, 0, NULL, NULL, NULL, N'2019-01-02', CAST(0.00 AS Decimal(9, 2)))
GO
INSERT [dbo].[tbl_SalesOrder] ([OrderID], [SOID], [BranchID], [AccountID], [QuoteID], [HoldID], [TmpID], [CustomerCode], [PONo], [VehicleNo], [InvoiceNo], [SalesDate], [PaymentStatus], [PaymentTypeID], [SalesCode], [Currency], [TotalAmount], [FinalAmount], [AmountPaid], [TotalPaid], [DiscountPercent], [DiscountAmount], [AddOn], [AddBy], [UpdateOn], [UpdateBy], [IsReturned], [IsDeleted], [IsPaid], [Status], [BankName], [ChequeNo], [ChequeDate], [VAT]) VALUES (2008, 1009, 9001, 1009, NULL, NULL, NULL, NULL, N'1234', N'1245', NULL, CAST(N'2019-01-12 00:00:00' AS SmallDateTime), N'Paid', NULL, NULL, NULL, CAST(40.00 AS Decimal(12, 2)), NULL, CAST(0.00 AS Decimal(18, 2)), CAST(40.00 AS Decimal(18, 2)), NULL, NULL, CAST(N'2019-01-12 07:39:00' AS SmallDateTime), NULL, CAST(N'2019-01-12 08:05:00' AS SmallDateTime), NULL, 0, NULL, 1, NULL, NULL, NULL, N'2019-01-12', CAST(0.00 AS Decimal(9, 2)))
GO
INSERT [dbo].[tbl_SalesOrder] ([OrderID], [SOID], [BranchID], [AccountID], [QuoteID], [HoldID], [TmpID], [CustomerCode], [PONo], [VehicleNo], [InvoiceNo], [SalesDate], [PaymentStatus], [PaymentTypeID], [SalesCode], [Currency], [TotalAmount], [FinalAmount], [AmountPaid], [TotalPaid], [DiscountPercent], [DiscountAmount], [AddOn], [AddBy], [UpdateOn], [UpdateBy], [IsReturned], [IsDeleted], [IsPaid], [Status], [BankName], [ChequeNo], [ChequeDate], [VAT]) VALUES (2009, 1010, 9001, 1009, NULL, NULL, NULL, NULL, NULL, NULL, NULL, CAST(N'2019-01-12 00:00:00' AS SmallDateTime), N'Partial Paid', NULL, NULL, NULL, CAST(60.00 AS Decimal(12, 2)), NULL, CAST(0.00 AS Decimal(18, 2)), CAST(40.00 AS Decimal(18, 2)), NULL, NULL, CAST(N'2019-01-12 07:48:00' AS SmallDateTime), NULL, CAST(N'2019-01-13 07:33:00' AS SmallDateTime), NULL, 0, NULL, 0, NULL, NULL, NULL, N'2019-01-12', CAST(0.00 AS Decimal(9, 2)))
GO
SET IDENTITY_INSERT [dbo].[tbl_SalesOrder] OFF
GO
SET IDENTITY_INSERT [dbo].[tbl_SalesReturn] ON 

GO
INSERT [dbo].[tbl_SalesReturn] ([SalesReturnID], [BranchID], [AccountID], [SaleOrderID], [VehicleNo], [InvoiceNo], [ReturnDate], [PaymentStatus], [PaymentTypeID], [TotalAmount], [FinalAmount], [AmountPaid], [DiscountAmount], [AddOn], [AddBy], [UpdateOn], [UpdateBy], [IsReturned], [IsDeleted], [IsPaid], [BankName], [ChequeNo], [ChequeDate], [VAT], [Reason]) VALUES (1, 9001, 1004, 2002, NULL, NULL, CAST(N'2019-01-02 23:56:00' AS SmallDateTime), NULL, NULL, CAST(5.00 AS Decimal(12, 2)), NULL, NULL, CAST(1.00 AS Decimal(9, 2)), CAST(N'2019-01-03 04:56:00' AS SmallDateTime), NULL, NULL, NULL, NULL, NULL, NULL, NULL, NULL, NULL, CAST(0.00 AS Decimal(9, 2)), NULL)
GO
INSERT [dbo].[tbl_SalesReturn] ([SalesReturnID], [BranchID], [AccountID], [SaleOrderID], [VehicleNo], [InvoiceNo], [ReturnDate], [PaymentStatus], [PaymentTypeID], [TotalAmount], [FinalAmount], [AmountPaid], [DiscountAmount], [AddOn], [AddBy], [UpdateOn], [UpdateBy], [IsReturned], [IsDeleted], [IsPaid], [BankName], [ChequeNo], [ChequeDate], [VAT], [Reason]) VALUES (2, 9001, 1009, 2008, NULL, NULL, CAST(N'2019-01-12 02:51:00' AS SmallDateTime), N'Cash', NULL, CAST(10.00 AS Decimal(12, 2)), NULL, CAST(10.00 AS Decimal(18, 2)), NULL, CAST(N'2019-01-12 07:51:00' AS SmallDateTime), NULL, NULL, NULL, NULL, NULL, NULL, NULL, NULL, NULL, CAST(0.00 AS Decimal(9, 2)), NULL)
GO
SET IDENTITY_INSERT [dbo].[tbl_SalesReturn] OFF
GO
SET IDENTITY_INSERT [dbo].[tmp_PO] ON 

GO
INSERT [dbo].[tmp_PO] ([OrderID], [tmpID], [AccountID], [InvoiceNo], [PurchaseDate], [PaymentStatus], [PaymentTypeID], [VAT], [Expenses], [PurchaseCode], [Currency], [TotalAmount], [DiscountPercent], [DiscountAmount], [AddOn], [AddBy], [UpdateOn], [UpdateBy], [IsReturned], [IsDeleted], [IsPaid], [Status], [AmountPaid], [IsPO], [IsPurchased], [BranchID]) VALUES (1, 0, 26, NULL, NULL, NULL, NULL, NULL, NULL, N'PO-10001', N'OMR', CAST(177.07 AS Decimal(12, 2)), NULL, NULL, CAST(N'2018-12-18 10:02:00' AS SmallDateTime), NULL, NULL, NULL, NULL, NULL, NULL, NULL, NULL, 1, 0, NULL)
GO
INSERT [dbo].[tmp_PO] ([OrderID], [tmpID], [AccountID], [InvoiceNo], [PurchaseDate], [PaymentStatus], [PaymentTypeID], [VAT], [Expenses], [PurchaseCode], [Currency], [TotalAmount], [DiscountPercent], [DiscountAmount], [AddOn], [AddBy], [UpdateOn], [UpdateBy], [IsReturned], [IsDeleted], [IsPaid], [Status], [AmountPaid], [IsPO], [IsPurchased], [BranchID]) VALUES (1002, 0, 1001, NULL, NULL, NULL, NULL, NULL, NULL, N'PO-10001', N'OMR', CAST(576.00 AS Decimal(12, 2)), NULL, NULL, CAST(N'2018-12-24 06:22:00' AS SmallDateTime), NULL, NULL, NULL, NULL, NULL, NULL, NULL, NULL, 1, 0, NULL)
GO
INSERT [dbo].[tmp_PO] ([OrderID], [tmpID], [AccountID], [InvoiceNo], [PurchaseDate], [PaymentStatus], [PaymentTypeID], [VAT], [Expenses], [PurchaseCode], [Currency], [TotalAmount], [DiscountPercent], [DiscountAmount], [AddOn], [AddBy], [UpdateOn], [UpdateBy], [IsReturned], [IsDeleted], [IsPaid], [Status], [AmountPaid], [IsPO], [IsPurchased], [BranchID]) VALUES (1004, 1, NULL, NULL, NULL, N'0', NULL, CAST(0.00 AS Decimal(9, 2)), NULL, NULL, N'OMR', CAST(3.40 AS Decimal(12, 2)), NULL, NULL, CAST(N'2018-12-24 14:09:00' AS SmallDateTime), NULL, NULL, NULL, 0, NULL, NULL, NULL, NULL, 0, NULL, NULL)
GO
INSERT [dbo].[tmp_PO] ([OrderID], [tmpID], [AccountID], [InvoiceNo], [PurchaseDate], [PaymentStatus], [PaymentTypeID], [VAT], [Expenses], [PurchaseCode], [Currency], [TotalAmount], [DiscountPercent], [DiscountAmount], [AddOn], [AddBy], [UpdateOn], [UpdateBy], [IsReturned], [IsDeleted], [IsPaid], [Status], [AmountPaid], [IsPO], [IsPurchased], [BranchID]) VALUES (1005, 2, NULL, NULL, NULL, N'0', NULL, CAST(0.00 AS Decimal(9, 2)), NULL, NULL, N'OMR', CAST(40.80 AS Decimal(12, 2)), NULL, NULL, CAST(N'2018-12-24 14:17:00' AS SmallDateTime), NULL, NULL, NULL, 0, NULL, NULL, NULL, NULL, 0, NULL, NULL)
GO
INSERT [dbo].[tmp_PO] ([OrderID], [tmpID], [AccountID], [InvoiceNo], [PurchaseDate], [PaymentStatus], [PaymentTypeID], [VAT], [Expenses], [PurchaseCode], [Currency], [TotalAmount], [DiscountPercent], [DiscountAmount], [AddOn], [AddBy], [UpdateOn], [UpdateBy], [IsReturned], [IsDeleted], [IsPaid], [Status], [AmountPaid], [IsPO], [IsPurchased], [BranchID]) VALUES (1006, 3, NULL, NULL, NULL, N'0', NULL, CAST(0.00 AS Decimal(9, 2)), NULL, NULL, N'OMR', CAST(450.00 AS Decimal(12, 2)), NULL, NULL, CAST(N'2018-12-24 14:18:00' AS SmallDateTime), NULL, NULL, NULL, 0, NULL, NULL, NULL, NULL, 0, NULL, NULL)
GO
INSERT [dbo].[tmp_PO] ([OrderID], [tmpID], [AccountID], [InvoiceNo], [PurchaseDate], [PaymentStatus], [PaymentTypeID], [VAT], [Expenses], [PurchaseCode], [Currency], [TotalAmount], [DiscountPercent], [DiscountAmount], [AddOn], [AddBy], [UpdateOn], [UpdateBy], [IsReturned], [IsDeleted], [IsPaid], [Status], [AmountPaid], [IsPO], [IsPurchased], [BranchID]) VALUES (1007, 4, 1001, NULL, NULL, N'0', NULL, CAST(0.00 AS Decimal(9, 2)), NULL, NULL, N'OMR', CAST(34.00 AS Decimal(12, 2)), NULL, NULL, CAST(N'2018-12-24 15:22:00' AS SmallDateTime), NULL, NULL, NULL, 0, NULL, NULL, NULL, NULL, 0, NULL, NULL)
GO
INSERT [dbo].[tmp_PO] ([OrderID], [tmpID], [AccountID], [InvoiceNo], [PurchaseDate], [PaymentStatus], [PaymentTypeID], [VAT], [Expenses], [PurchaseCode], [Currency], [TotalAmount], [DiscountPercent], [DiscountAmount], [AddOn], [AddBy], [UpdateOn], [UpdateBy], [IsReturned], [IsDeleted], [IsPaid], [Status], [AmountPaid], [IsPO], [IsPurchased], [BranchID]) VALUES (1008, 5, NULL, NULL, NULL, N'0', NULL, CAST(0.00 AS Decimal(9, 2)), NULL, NULL, N'OMR', CAST(200.00 AS Decimal(12, 2)), NULL, NULL, CAST(N'2018-12-31 11:43:00' AS SmallDateTime), NULL, NULL, NULL, 0, NULL, NULL, NULL, NULL, 0, NULL, NULL)
GO
INSERT [dbo].[tmp_PO] ([OrderID], [tmpID], [AccountID], [InvoiceNo], [PurchaseDate], [PaymentStatus], [PaymentTypeID], [VAT], [Expenses], [PurchaseCode], [Currency], [TotalAmount], [DiscountPercent], [DiscountAmount], [AddOn], [AddBy], [UpdateOn], [UpdateBy], [IsReturned], [IsDeleted], [IsPaid], [Status], [AmountPaid], [IsPO], [IsPurchased], [BranchID]) VALUES (1009, 0, 26, NULL, CAST(N'2019-01-03 00:00:00' AS SmallDateTime), NULL, NULL, NULL, NULL, N'PO-10002', N'OMR', CAST(5100.00 AS Decimal(12, 2)), NULL, NULL, CAST(N'2019-01-03 11:46:00' AS SmallDateTime), NULL, NULL, NULL, NULL, NULL, NULL, NULL, NULL, 1, 0, NULL)
GO
INSERT [dbo].[tmp_PO] ([OrderID], [tmpID], [AccountID], [InvoiceNo], [PurchaseDate], [PaymentStatus], [PaymentTypeID], [VAT], [Expenses], [PurchaseCode], [Currency], [TotalAmount], [DiscountPercent], [DiscountAmount], [AddOn], [AddBy], [UpdateOn], [UpdateBy], [IsReturned], [IsDeleted], [IsPaid], [Status], [AmountPaid], [IsPO], [IsPurchased], [BranchID]) VALUES (1010, 0, 1008, N'1111', CAST(N'2019-01-12 00:00:00' AS SmallDateTime), NULL, NULL, NULL, NULL, N'PO-10003', N'OMR', CAST(559.00 AS Decimal(12, 2)), NULL, NULL, CAST(N'2019-01-12 07:15:00' AS SmallDateTime), NULL, NULL, NULL, NULL, NULL, NULL, N'Purchased', NULL, 1, 1, NULL)
GO
INSERT [dbo].[tmp_PO] ([OrderID], [tmpID], [AccountID], [InvoiceNo], [PurchaseDate], [PaymentStatus], [PaymentTypeID], [VAT], [Expenses], [PurchaseCode], [Currency], [TotalAmount], [DiscountPercent], [DiscountAmount], [AddOn], [AddBy], [UpdateOn], [UpdateBy], [IsReturned], [IsDeleted], [IsPaid], [Status], [AmountPaid], [IsPO], [IsPurchased], [BranchID]) VALUES (1011, 1, 1001, N'1122', CAST(N'2019-01-12 00:00:00' AS SmallDateTime), N'0', NULL, CAST(0.00 AS Decimal(9, 2)), NULL, NULL, N'AED', CAST(6.76 AS Decimal(12, 2)), NULL, NULL, CAST(N'2019-01-12 07:28:00' AS SmallDateTime), NULL, NULL, NULL, 0, 1, NULL, NULL, NULL, 0, NULL, 9001)
GO
INSERT [dbo].[tmp_PO] ([OrderID], [tmpID], [AccountID], [InvoiceNo], [PurchaseDate], [PaymentStatus], [PaymentTypeID], [VAT], [Expenses], [PurchaseCode], [Currency], [TotalAmount], [DiscountPercent], [DiscountAmount], [AddOn], [AddBy], [UpdateOn], [UpdateBy], [IsReturned], [IsDeleted], [IsPaid], [Status], [AmountPaid], [IsPO], [IsPurchased], [BranchID]) VALUES (1012, 2, 1002, N'2222', CAST(N'2019-01-13 00:00:00' AS SmallDateTime), N'UnPaid', NULL, CAST(5.00 AS Decimal(9, 2)), CAST(0.00 AS Decimal(9, 2)), NULL, N'OMR', CAST(414.88 AS Decimal(12, 2)), NULL, NULL, CAST(N'2019-01-13 13:30:00' AS SmallDateTime), NULL, NULL, NULL, 0, 1, 0, NULL, CAST(0.00 AS Decimal(9, 2)), 0, NULL, 9001)
GO
SET IDENTITY_INSERT [dbo].[tmp_PO] OFF
GO
SET IDENTITY_INSERT [dbo].[tbl_Customer] ON 

GO
INSERT [dbo].[tbl_Customer] ([CustomerID], [AccountID], [Code], [Name], [Phone], [Phone1], [Phone2], [Cell], [Email], [Address], [Company], [CreditLimit], [CRNo], [OpeningBalance], [IsActive], [AddOn], [Addby], [UpdateOn], [UpdateBy], [DeleteOn], [DeleteBy], [IsDeleted]) VALUES (1, 29, N'AH', N'Abdul Hadi ', N'00998', NULL, NULL, NULL, NULL, NULL, NULL, NULL, NULL, CAST(0.00 AS Decimal(8, 2)), 1, CAST(N'2018-12-18 05:00:00' AS SmallDateTime), 1, NULL, NULL, NULL, NULL, 0)
GO
INSERT [dbo].[tbl_Customer] ([CustomerID], [AccountID], [Code], [Name], [Phone], [Phone1], [Phone2], [Cell], [Email], [Address], [Company], [CreditLimit], [CRNo], [OpeningBalance], [IsActive], [AddOn], [Addby], [UpdateOn], [UpdateBy], [DeleteOn], [DeleteBy], [IsDeleted]) VALUES (2, 30, N'AAZ', N'Abdul Aziz', N'009988', NULL, NULL, NULL, NULL, NULL, NULL, NULL, NULL, CAST(0.00 AS Decimal(8, 2)), 1, CAST(N'2018-12-18 05:00:00' AS SmallDateTime), 1, NULL, NULL, NULL, NULL, 0)
GO
INSERT [dbo].[tbl_Customer] ([CustomerID], [AccountID], [Code], [Name], [Phone], [Phone1], [Phone2], [Cell], [Email], [Address], [Company], [CreditLimit], [CRNo], [OpeningBalance], [IsActive], [AddOn], [Addby], [UpdateOn], [UpdateBy], [DeleteOn], [DeleteBy], [IsDeleted]) VALUES (3, 31, N'ALS', N'Al Said', N'009990077', NULL, NULL, NULL, NULL, NULL, NULL, NULL, NULL, CAST(0.00 AS Decimal(8, 2)), 1, CAST(N'2018-12-18 05:01:00' AS SmallDateTime), 1, NULL, NULL, NULL, NULL, 0)
GO
INSERT [dbo].[tbl_Customer] ([CustomerID], [AccountID], [Code], [Name], [Phone], [Phone1], [Phone2], [Cell], [Email], [Address], [Company], [CreditLimit], [CRNo], [OpeningBalance], [IsActive], [AddOn], [Addby], [UpdateOn], [UpdateBy], [DeleteOn], [DeleteBy], [IsDeleted]) VALUES (4, 32, N'SBT-009', N'Said bin Taimur', N'887788', NULL, NULL, NULL, NULL, NULL, NULL, NULL, NULL, CAST(0.00 AS Decimal(8, 2)), 1, CAST(N'2018-12-18 05:02:00' AS SmallDateTime), 1, NULL, NULL, NULL, NULL, 0)
GO
INSERT [dbo].[tbl_Customer] ([CustomerID], [AccountID], [Code], [Name], [Phone], [Phone1], [Phone2], [Cell], [Email], [Address], [Company], [CreditLimit], [CRNo], [OpeningBalance], [IsActive], [AddOn], [Addby], [UpdateOn], [UpdateBy], [DeleteOn], [DeleteBy], [IsDeleted]) VALUES (6, 35, N'1234', N'Charlie Customer', N'03335412164', NULL, NULL, NULL, NULL, NULL, NULL, CAST(50000.00 AS Decimal(8, 2)), NULL, CAST(1500.00 AS Decimal(8, 2)), 1, CAST(N'2018-12-19 09:37:00' AS SmallDateTime), 1, NULL, NULL, NULL, NULL, 0)
GO
INSERT [dbo].[tbl_Customer] ([CustomerID], [AccountID], [Code], [Name], [Phone], [Phone1], [Phone2], [Cell], [Email], [Address], [Company], [CreditLimit], [CRNo], [OpeningBalance], [IsActive], [AddOn], [Addby], [UpdateOn], [UpdateBy], [DeleteOn], [DeleteBy], [IsDeleted]) VALUES (1002, 1003, N'0240', N'SHEHZAD', N'99879240', NULL, NULL, NULL, NULL, NULL, NULL, CAST(100.00 AS Decimal(8, 2)), NULL, CAST(0.00 AS Decimal(8, 2)), 1, CAST(N'2018-12-24 01:14:00' AS SmallDateTime), 1, NULL, NULL, NULL, NULL, 0)
GO
INSERT [dbo].[tbl_Customer] ([CustomerID], [AccountID], [Code], [Name], [Phone], [Phone1], [Phone2], [Cell], [Email], [Address], [Company], [CreditLimit], [CRNo], [OpeningBalance], [IsActive], [AddOn], [Addby], [UpdateOn], [UpdateBy], [DeleteOn], [DeleteBy], [IsDeleted]) VALUES (1003, 1004, N'1087', N'AL EZ TRADING', NULL, NULL, NULL, NULL, NULL, NULL, N'AL EZ TRADING', CAST(2000.00 AS Decimal(8, 2)), NULL, CAST(0.00 AS Decimal(8, 2)), 1, CAST(N'2018-12-24 01:16:00' AS SmallDateTime), 1, NULL, NULL, NULL, NULL, 0)
GO
INSERT [dbo].[tbl_Customer] ([CustomerID], [AccountID], [Code], [Name], [Phone], [Phone1], [Phone2], [Cell], [Email], [Address], [Company], [CreditLimit], [CRNo], [OpeningBalance], [IsActive], [AddOn], [Addby], [UpdateOn], [UpdateBy], [DeleteOn], [DeleteBy], [IsDeleted]) VALUES (1004, 1005, N'AAZ', N'Abdul Aziz', N'009715', NULL, NULL, NULL, NULL, NULL, NULL, NULL, NULL, CAST(0.00 AS Decimal(8, 2)), 1, CAST(N'2019-01-07 01:34:00' AS SmallDateTime), 1, NULL, NULL, NULL, NULL, 0)
GO
INSERT [dbo].[tbl_Customer] ([CustomerID], [AccountID], [Code], [Name], [Phone], [Phone1], [Phone2], [Cell], [Email], [Address], [Company], [CreditLimit], [CRNo], [OpeningBalance], [IsActive], [AddOn], [Addby], [UpdateOn], [UpdateBy], [DeleteOn], [DeleteBy], [IsDeleted]) VALUES (1005, 1006, N'AH', N'Abdul Samad', N'1123', NULL, NULL, NULL, NULL, NULL, NULL, NULL, NULL, CAST(0.00 AS Decimal(8, 2)), 1, CAST(N'2019-01-07 01:39:00' AS SmallDateTime), 1, NULL, NULL, NULL, NULL, 0)
GO
INSERT [dbo].[tbl_Customer] ([CustomerID], [AccountID], [Code], [Name], [Phone], [Phone1], [Phone2], [Cell], [Email], [Address], [Company], [CreditLimit], [CRNo], [OpeningBalance], [IsActive], [AddOn], [Addby], [UpdateOn], [UpdateBy], [DeleteOn], [DeleteBy], [IsDeleted]) VALUES (1006, 1007, N'Test-009', N'Test', N'0099887', NULL, NULL, NULL, NULL, NULL, NULL, NULL, NULL, CAST(0.00 AS Decimal(8, 2)), 1, CAST(N'2019-01-07 01:41:00' AS SmallDateTime), 1, NULL, NULL, NULL, NULL, 0)
GO
INSERT [dbo].[tbl_Customer] ([CustomerID], [AccountID], [Code], [Name], [Phone], [Phone1], [Phone2], [Cell], [Email], [Address], [Company], [CreditLimit], [CRNo], [OpeningBalance], [IsActive], [AddOn], [Addby], [UpdateOn], [UpdateBy], [DeleteOn], [DeleteBy], [IsDeleted]) VALUES (1007, 1009, N'99879', N'malik', N'92828319', NULL, NULL, NULL, NULL, NULL, NULL, CAST(100.00 AS Decimal(8, 2)), NULL, CAST(0.00 AS Decimal(8, 2)), 1, CAST(N'2019-01-12 02:12:00' AS SmallDateTime), 1, NULL, NULL, NULL, NULL, 0)
GO
SET IDENTITY_INSERT [dbo].[tbl_Customer] OFF
GO
SET IDENTITY_INSERT [dbo].[tbl_DeliveryOrder] ON 

GO
INSERT [dbo].[tbl_DeliveryOrder] ([OrderID], [DOID], [SaleOrderID], [BranchID], [AccountID], [TmpID], [PONo], [VehicleNo], [InvoiceNo], [SalesDate], [PaymentStatus], [PaymentTypeID], [TotalAmount], [AddOn], [AddBy], [UpdateOn], [UpdateBy], [IsReturned], [IsDeleted], [IsPaid], [Status]) VALUES (1, N'DO-101', 2008, 9001, 1009, NULL, N'1234', N'1245', NULL, CAST(N'2019-01-12 00:00:00' AS SmallDateTime), NULL, NULL, CAST(30.00 AS Decimal(12, 2)), CAST(N'2019-01-12 07:34:00' AS SmallDateTime), NULL, NULL, NULL, 0, NULL, 1, NULL)
GO
INSERT [dbo].[tbl_DeliveryOrder] ([OrderID], [DOID], [SaleOrderID], [BranchID], [AccountID], [TmpID], [PONo], [VehicleNo], [InvoiceNo], [SalesDate], [PaymentStatus], [PaymentTypeID], [TotalAmount], [AddOn], [AddBy], [UpdateOn], [UpdateBy], [IsReturned], [IsDeleted], [IsPaid], [Status]) VALUES (2, N'DO-102', 2008, 9001, 1009, NULL, NULL, NULL, NULL, CAST(N'2019-01-12 00:00:00' AS SmallDateTime), NULL, NULL, CAST(10.00 AS Decimal(12, 2)), CAST(N'2019-01-12 07:35:00' AS SmallDateTime), NULL, NULL, NULL, 0, NULL, 1, NULL)
GO
SET IDENTITY_INSERT [dbo].[tbl_DeliveryOrder] OFF
GO
SET IDENTITY_INSERT [dbo].[tbl_JEntry] ON 

GO
INSERT [dbo].[tbl_JEntry] ([JEntryId], [BranchID], [VoucherName], [IsActive], [Amount], [Description], [RefID], [VoucherDate], [ReferenceDetail], [PaymentType], [BankName], [ChequeDate], [ChequeNumber], [AddBy], [AddOn], [UpdateOn], [UpdateBy], [DeleteOn], [DeleteBy], [IsDeleted]) VALUES (1, NULL, N'Purchase', 1, CAST(152.80 AS Decimal(12, 2)), NULL, 1001, CAST(N'2018-12-05 00:00:00' AS SmallDateTime), NULL, NULL, NULL, NULL, NULL, NULL, CAST(N'2018-12-18 05:05:52.100' AS DateTime), NULL, NULL, NULL, NULL, NULL)
GO
INSERT [dbo].[tbl_JEntry] ([JEntryId], [BranchID], [VoucherName], [IsActive], [Amount], [Description], [RefID], [VoucherDate], [ReferenceDetail], [PaymentType], [BankName], [ChequeDate], [ChequeNumber], [AddBy], [AddOn], [UpdateOn], [UpdateBy], [DeleteOn], [DeleteBy], [IsDeleted]) VALUES (12, NULL, N'Purchase', 1, CAST(55.50 AS Decimal(12, 2)), NULL, 1008, CAST(N'2018-12-15 00:00:00' AS SmallDateTime), NULL, NULL, NULL, NULL, NULL, NULL, CAST(N'2018-12-18 05:19:23.117' AS DateTime), NULL, NULL, NULL, NULL, NULL)
GO
INSERT [dbo].[tbl_JEntry] ([JEntryId], [BranchID], [VoucherName], [IsActive], [Amount], [Description], [RefID], [VoucherDate], [ReferenceDetail], [PaymentType], [BankName], [ChequeDate], [ChequeNumber], [AddBy], [AddOn], [UpdateOn], [UpdateBy], [DeleteOn], [DeleteBy], [IsDeleted]) VALUES (13, NULL, N'Purchase', 1, CAST(11200.01 AS Decimal(12, 2)), NULL, 1009, CAST(N'2018-12-14 00:00:00' AS SmallDateTime), NULL, NULL, NULL, NULL, NULL, NULL, CAST(N'2018-12-18 05:46:09.840' AS DateTime), NULL, NULL, NULL, NULL, NULL)
GO
INSERT [dbo].[tbl_JEntry] ([JEntryId], [BranchID], [VoucherName], [IsActive], [Amount], [Description], [RefID], [VoucherDate], [ReferenceDetail], [PaymentType], [BankName], [ChequeDate], [ChequeNumber], [AddBy], [AddOn], [UpdateOn], [UpdateBy], [DeleteOn], [DeleteBy], [IsDeleted]) VALUES (14, NULL, N'Purchase Return', 1, CAST(44.80 AS Decimal(12, 2)), NULL, 1, CAST(N'2018-12-18 05:47:00' AS SmallDateTime), NULL, NULL, NULL, NULL, NULL, NULL, CAST(N'2018-12-18 05:47:15.907' AS DateTime), NULL, NULL, NULL, NULL, NULL)
GO
INSERT [dbo].[tbl_JEntry] ([JEntryId], [BranchID], [VoucherName], [IsActive], [Amount], [Description], [RefID], [VoucherDate], [ReferenceDetail], [PaymentType], [BankName], [ChequeDate], [ChequeNumber], [AddBy], [AddOn], [UpdateOn], [UpdateBy], [DeleteOn], [DeleteBy], [IsDeleted]) VALUES (15, NULL, N'Vendor Payment', 1, CAST(55.50 AS Decimal(12, 2)), NULL, NULL, CAST(N'2018-12-25 00:00:00' AS SmallDateTime), NULL, NULL, NULL, NULL, NULL, 1, CAST(N'2018-12-18 05:48:07.410' AS DateTime), NULL, NULL, NULL, NULL, NULL)
GO
INSERT [dbo].[tbl_JEntry] ([JEntryId], [BranchID], [VoucherName], [IsActive], [Amount], [Description], [RefID], [VoucherDate], [ReferenceDetail], [PaymentType], [BankName], [ChequeDate], [ChequeNumber], [AddBy], [AddOn], [UpdateOn], [UpdateBy], [DeleteOn], [DeleteBy], [IsDeleted]) VALUES (16, NULL, N'Sales ', 1, CAST(36.00 AS Decimal(12, 2)), NULL, 1001, CAST(N'2018-12-29 00:00:00' AS SmallDateTime), NULL, NULL, NULL, NULL, NULL, NULL, CAST(N'2018-12-18 06:16:34.860' AS DateTime), NULL, NULL, NULL, NULL, NULL)
GO
INSERT [dbo].[tbl_JEntry] ([JEntryId], [BranchID], [VoucherName], [IsActive], [Amount], [Description], [RefID], [VoucherDate], [ReferenceDetail], [PaymentType], [BankName], [ChequeDate], [ChequeNumber], [AddBy], [AddOn], [UpdateOn], [UpdateBy], [DeleteOn], [DeleteBy], [IsDeleted]) VALUES (17, NULL, N'Sales Receiving', 1, CAST(36.00 AS Decimal(12, 2)), NULL, 1001, CAST(N'2018-12-29 00:00:00' AS SmallDateTime), NULL, NULL, NULL, NULL, NULL, NULL, CAST(N'2018-12-18 06:16:34.860' AS DateTime), NULL, NULL, NULL, NULL, NULL)
GO
INSERT [dbo].[tbl_JEntry] ([JEntryId], [BranchID], [VoucherName], [IsActive], [Amount], [Description], [RefID], [VoucherDate], [ReferenceDetail], [PaymentType], [BankName], [ChequeDate], [ChequeNumber], [AddBy], [AddOn], [UpdateOn], [UpdateBy], [DeleteOn], [DeleteBy], [IsDeleted]) VALUES (18, NULL, N'Purchase', 1, CAST(37550.00 AS Decimal(12, 2)), NULL, 1010, CAST(N'2018-12-19 00:00:00' AS SmallDateTime), NULL, NULL, NULL, NULL, NULL, NULL, CAST(N'2018-12-19 09:05:02.493' AS DateTime), NULL, NULL, NULL, NULL, NULL)
GO
INSERT [dbo].[tbl_JEntry] ([JEntryId], [BranchID], [VoucherName], [IsActive], [Amount], [Description], [RefID], [VoucherDate], [ReferenceDetail], [PaymentType], [BankName], [ChequeDate], [ChequeNumber], [AddBy], [AddOn], [UpdateOn], [UpdateBy], [DeleteOn], [DeleteBy], [IsDeleted]) VALUES (19, NULL, N'Purchase Payment', 1, CAST(20000.00 AS Decimal(12, 2)), NULL, 1010, CAST(N'2018-12-19 00:00:00' AS SmallDateTime), NULL, NULL, NULL, NULL, NULL, NULL, CAST(N'2018-12-19 09:05:02.493' AS DateTime), NULL, NULL, NULL, NULL, NULL)
GO
INSERT [dbo].[tbl_JEntry] ([JEntryId], [BranchID], [VoucherName], [IsActive], [Amount], [Description], [RefID], [VoucherDate], [ReferenceDetail], [PaymentType], [BankName], [ChequeDate], [ChequeNumber], [AddBy], [AddOn], [UpdateOn], [UpdateBy], [DeleteOn], [DeleteBy], [IsDeleted]) VALUES (20, NULL, N'Vendor Payment', 1, CAST(6000.00 AS Decimal(12, 2)), NULL, NULL, CAST(N'2018-12-25 00:00:00' AS SmallDateTime), NULL, NULL, N'HBL', CAST(N'2018-12-20 00:00:00' AS SmallDateTime), N'2323223', 1, CAST(N'2018-12-19 09:10:31.677' AS DateTime), NULL, NULL, NULL, NULL, NULL)
GO
INSERT [dbo].[tbl_JEntry] ([JEntryId], [BranchID], [VoucherName], [IsActive], [Amount], [Description], [RefID], [VoucherDate], [ReferenceDetail], [PaymentType], [BankName], [ChequeDate], [ChequeNumber], [AddBy], [AddOn], [UpdateOn], [UpdateBy], [DeleteOn], [DeleteBy], [IsDeleted]) VALUES (21, NULL, N'Vendor Payment', 1, CAST(2000.00 AS Decimal(12, 2)), NULL, NULL, CAST(N'2018-12-26 00:00:00' AS SmallDateTime), NULL, NULL, NULL, NULL, NULL, 1, CAST(N'2018-12-19 09:30:57.807' AS DateTime), NULL, NULL, NULL, NULL, NULL)
GO
INSERT [dbo].[tbl_JEntry] ([JEntryId], [BranchID], [VoucherName], [IsActive], [Amount], [Description], [RefID], [VoucherDate], [ReferenceDetail], [PaymentType], [BankName], [ChequeDate], [ChequeNumber], [AddBy], [AddOn], [UpdateOn], [UpdateBy], [DeleteOn], [DeleteBy], [IsDeleted]) VALUES (22, NULL, N'Sales', 1, CAST(6825.00 AS Decimal(12, 2)), NULL, 1002, CAST(N'2018-12-19 00:00:00' AS SmallDateTime), NULL, NULL, NULL, NULL, NULL, NULL, CAST(N'2018-12-19 09:54:00.423' AS DateTime), NULL, NULL, NULL, NULL, NULL)
GO
INSERT [dbo].[tbl_JEntry] ([JEntryId], [BranchID], [VoucherName], [IsActive], [Amount], [Description], [RefID], [VoucherDate], [ReferenceDetail], [PaymentType], [BankName], [ChequeDate], [ChequeNumber], [AddBy], [AddOn], [UpdateOn], [UpdateBy], [DeleteOn], [DeleteBy], [IsDeleted]) VALUES (23, NULL, N'Sales Partial Receiving', 1, CAST(6000.00 AS Decimal(12, 2)), NULL, 1002, CAST(N'2018-12-19 00:00:00' AS SmallDateTime), NULL, NULL, NULL, NULL, NULL, NULL, CAST(N'2018-12-19 09:54:00.423' AS DateTime), NULL, NULL, NULL, NULL, NULL)
GO
INSERT [dbo].[tbl_JEntry] ([JEntryId], [BranchID], [VoucherName], [IsActive], [Amount], [Description], [RefID], [VoucherDate], [ReferenceDetail], [PaymentType], [BankName], [ChequeDate], [ChequeNumber], [AddBy], [AddOn], [UpdateOn], [UpdateBy], [DeleteOn], [DeleteBy], [IsDeleted]) VALUES (1002, NULL, N'Purchase', 1, CAST(480.00 AS Decimal(12, 2)), NULL, 2002, CAST(N'2018-12-24 00:00:00' AS SmallDateTime), NULL, NULL, NULL, NULL, NULL, NULL, CAST(N'2018-12-24 01:28:21.750' AS DateTime), NULL, NULL, NULL, NULL, NULL)
GO
INSERT [dbo].[tbl_JEntry] ([JEntryId], [BranchID], [VoucherName], [IsActive], [Amount], [Description], [RefID], [VoucherDate], [ReferenceDetail], [PaymentType], [BankName], [ChequeDate], [ChequeNumber], [AddBy], [AddOn], [UpdateOn], [UpdateBy], [DeleteOn], [DeleteBy], [IsDeleted]) VALUES (1003, NULL, N'Purchase', 1, CAST(76.72 AS Decimal(12, 2)), NULL, 2003, CAST(N'2018-12-24 00:00:00' AS SmallDateTime), NULL, NULL, NULL, NULL, NULL, NULL, CAST(N'2018-12-24 01:31:21.683' AS DateTime), NULL, NULL, NULL, NULL, NULL)
GO
INSERT [dbo].[tbl_JEntry] ([JEntryId], [BranchID], [VoucherName], [IsActive], [Amount], [Description], [RefID], [VoucherDate], [ReferenceDetail], [PaymentType], [BankName], [ChequeDate], [ChequeNumber], [AddBy], [AddOn], [UpdateOn], [UpdateBy], [DeleteOn], [DeleteBy], [IsDeleted]) VALUES (1004, NULL, N'Purchase Return', 1, CAST(229.95 AS Decimal(12, 2)), NULL, 2, CAST(N'2018-12-24 01:32:00' AS SmallDateTime), NULL, NULL, NULL, NULL, NULL, NULL, CAST(N'2018-12-24 01:32:15.110' AS DateTime), NULL, NULL, NULL, NULL, NULL)
GO
INSERT [dbo].[tbl_JEntry] ([JEntryId], [BranchID], [VoucherName], [IsActive], [Amount], [Description], [RefID], [VoucherDate], [ReferenceDetail], [PaymentType], [BankName], [ChequeDate], [ChequeNumber], [AddBy], [AddOn], [UpdateOn], [UpdateBy], [DeleteOn], [DeleteBy], [IsDeleted]) VALUES (1005, NULL, N'Sales', 1, CAST(185.00 AS Decimal(12, 2)), NULL, 2002, CAST(N'2018-12-24 00:00:00' AS SmallDateTime), NULL, NULL, NULL, NULL, NULL, NULL, CAST(N'2018-12-24 01:43:11.683' AS DateTime), NULL, NULL, NULL, NULL, NULL)
GO
INSERT [dbo].[tbl_JEntry] ([JEntryId], [BranchID], [VoucherName], [IsActive], [Amount], [Description], [RefID], [VoucherDate], [ReferenceDetail], [PaymentType], [BankName], [ChequeDate], [ChequeNumber], [AddBy], [AddOn], [UpdateOn], [UpdateBy], [DeleteOn], [DeleteBy], [IsDeleted]) VALUES (1006, NULL, N'Vendor Payment', 1, CAST(250.00 AS Decimal(12, 2)), NULL, NULL, CAST(N'2018-12-24 00:00:00' AS SmallDateTime), NULL, NULL, N'BANK MUSCAT', CAST(N'2018-12-25 00:00:00' AS SmallDateTime), N'123456', 1, CAST(N'2018-12-24 01:52:56.577' AS DateTime), NULL, NULL, NULL, NULL, NULL)
GO
INSERT [dbo].[tbl_JEntry] ([JEntryId], [BranchID], [VoucherName], [IsActive], [Amount], [Description], [RefID], [VoucherDate], [ReferenceDetail], [PaymentType], [BankName], [ChequeDate], [ChequeNumber], [AddBy], [AddOn], [UpdateOn], [UpdateBy], [DeleteOn], [DeleteBy], [IsDeleted]) VALUES (1007, NULL, N'Sales', 1, CAST(120.00 AS Decimal(12, 2)), NULL, 2003, CAST(N'2018-12-24 00:00:00' AS SmallDateTime), NULL, NULL, NULL, NULL, NULL, NULL, CAST(N'2018-12-24 11:00:10.420' AS DateTime), NULL, NULL, NULL, NULL, NULL)
GO
INSERT [dbo].[tbl_JEntry] ([JEntryId], [BranchID], [VoucherName], [IsActive], [Amount], [Description], [RefID], [VoucherDate], [ReferenceDetail], [PaymentType], [BankName], [ChequeDate], [ChequeNumber], [AddBy], [AddOn], [UpdateOn], [UpdateBy], [DeleteOn], [DeleteBy], [IsDeleted]) VALUES (1008, NULL, N'Sales', 1, CAST(125.00 AS Decimal(12, 2)), NULL, 2004, CAST(N'2018-12-26 00:00:00' AS SmallDateTime), NULL, NULL, NULL, NULL, NULL, NULL, CAST(N'2018-12-26 00:44:06.957' AS DateTime), NULL, NULL, NULL, NULL, NULL)
GO
INSERT [dbo].[tbl_JEntry] ([JEntryId], [BranchID], [VoucherName], [IsActive], [Amount], [Description], [RefID], [VoucherDate], [ReferenceDetail], [PaymentType], [BankName], [ChequeDate], [ChequeNumber], [AddBy], [AddOn], [UpdateOn], [UpdateBy], [DeleteOn], [DeleteBy], [IsDeleted]) VALUES (1009, NULL, N'Sales', 1, CAST(90.00 AS Decimal(12, 2)), NULL, 2005, CAST(N'2018-12-26 00:00:00' AS SmallDateTime), NULL, NULL, NULL, NULL, NULL, NULL, CAST(N'2018-12-26 00:44:59.350' AS DateTime), NULL, NULL, NULL, NULL, NULL)
GO
INSERT [dbo].[tbl_JEntry] ([JEntryId], [BranchID], [VoucherName], [IsActive], [Amount], [Description], [RefID], [VoucherDate], [ReferenceDetail], [PaymentType], [BankName], [ChequeDate], [ChequeNumber], [AddBy], [AddOn], [UpdateOn], [UpdateBy], [DeleteOn], [DeleteBy], [IsDeleted]) VALUES (1010, NULL, N'Sales Receiving', 1, CAST(90.00 AS Decimal(12, 2)), NULL, 2005, CAST(N'2018-12-26 00:00:00' AS SmallDateTime), NULL, NULL, NULL, NULL, NULL, NULL, CAST(N'2018-12-26 00:44:59.367' AS DateTime), NULL, NULL, NULL, NULL, NULL)
GO
INSERT [dbo].[tbl_JEntry] ([JEntryId], [BranchID], [VoucherName], [IsActive], [Amount], [Description], [RefID], [VoucherDate], [ReferenceDetail], [PaymentType], [BankName], [ChequeDate], [ChequeNumber], [AddBy], [AddOn], [UpdateOn], [UpdateBy], [DeleteOn], [DeleteBy], [IsDeleted]) VALUES (1011, NULL, N'Sales', 1, CAST(50.00 AS Decimal(12, 2)), NULL, 2006, CAST(N'2018-12-26 00:00:00' AS SmallDateTime), NULL, NULL, NULL, NULL, NULL, NULL, CAST(N'2018-12-26 00:45:50.603' AS DateTime), NULL, NULL, NULL, NULL, NULL)
GO
INSERT [dbo].[tbl_JEntry] ([JEntryId], [BranchID], [VoucherName], [IsActive], [Amount], [Description], [RefID], [VoucherDate], [ReferenceDetail], [PaymentType], [BankName], [ChequeDate], [ChequeNumber], [AddBy], [AddOn], [UpdateOn], [UpdateBy], [DeleteOn], [DeleteBy], [IsDeleted]) VALUES (1012, NULL, N'Sales Partial Receiving', 1, CAST(25.00 AS Decimal(12, 2)), NULL, 2006, CAST(N'2018-12-26 00:00:00' AS SmallDateTime), NULL, NULL, NULL, NULL, NULL, NULL, CAST(N'2018-12-26 00:45:50.603' AS DateTime), NULL, NULL, NULL, NULL, NULL)
GO
INSERT [dbo].[tbl_JEntry] ([JEntryId], [BranchID], [VoucherName], [IsActive], [Amount], [Description], [RefID], [VoucherDate], [ReferenceDetail], [PaymentType], [BankName], [ChequeDate], [ChequeNumber], [AddBy], [AddOn], [UpdateOn], [UpdateBy], [DeleteOn], [DeleteBy], [IsDeleted]) VALUES (1013, NULL, N'Sales', 1, CAST(84.00 AS Decimal(12, 2)), NULL, 2007, CAST(N'2019-01-02 00:00:00' AS SmallDateTime), NULL, NULL, NULL, NULL, NULL, NULL, CAST(N'2019-01-02 10:35:46.123' AS DateTime), NULL, NULL, NULL, NULL, NULL)
GO
INSERT [dbo].[tbl_JEntry] ([JEntryId], [BranchID], [VoucherName], [IsActive], [Amount], [Description], [RefID], [VoucherDate], [ReferenceDetail], [PaymentType], [BankName], [ChequeDate], [ChequeNumber], [AddBy], [AddOn], [UpdateOn], [UpdateBy], [DeleteOn], [DeleteBy], [IsDeleted]) VALUES (1014, NULL, N'Sales Return', 1, CAST(5.00 AS Decimal(12, 2)), NULL, 1, CAST(N'2019-01-02 23:56:00' AS SmallDateTime), NULL, NULL, NULL, NULL, NULL, NULL, CAST(N'2019-01-02 23:56:52.427' AS DateTime), NULL, NULL, NULL, NULL, NULL)
GO
INSERT [dbo].[tbl_JEntry] ([JEntryId], [BranchID], [VoucherName], [IsActive], [Amount], [Description], [RefID], [VoucherDate], [ReferenceDetail], [PaymentType], [BankName], [ChequeDate], [ChequeNumber], [AddBy], [AddOn], [UpdateOn], [UpdateBy], [DeleteOn], [DeleteBy], [IsDeleted]) VALUES (1015, NULL, N'Purchase', 1, CAST(586.95 AS Decimal(12, 2)), NULL, 2004, CAST(N'2019-01-12 00:00:00' AS SmallDateTime), NULL, NULL, NULL, NULL, NULL, NULL, CAST(N'2019-01-12 02:22:22.560' AS DateTime), NULL, NULL, NULL, NULL, NULL)
GO
INSERT [dbo].[tbl_JEntry] ([JEntryId], [BranchID], [VoucherName], [IsActive], [Amount], [Description], [RefID], [VoucherDate], [ReferenceDetail], [PaymentType], [BankName], [ChequeDate], [ChequeNumber], [AddBy], [AddOn], [UpdateOn], [UpdateBy], [DeleteOn], [DeleteBy], [IsDeleted]) VALUES (1016, NULL, N'Purchase Return', 1, CAST(113.82 AS Decimal(12, 2)), NULL, 3, CAST(N'2019-01-12 02:23:00' AS SmallDateTime), NULL, NULL, NULL, NULL, NULL, NULL, CAST(N'2019-01-12 02:23:25.440' AS DateTime), NULL, NULL, NULL, NULL, NULL)
GO
INSERT [dbo].[tbl_JEntry] ([JEntryId], [BranchID], [VoucherName], [IsActive], [Amount], [Description], [RefID], [VoucherDate], [ReferenceDetail], [PaymentType], [BankName], [ChequeDate], [ChequeNumber], [AddBy], [AddOn], [UpdateOn], [UpdateBy], [DeleteOn], [DeleteBy], [IsDeleted]) VALUES (1017, NULL, N'Purchase', 1, CAST(7.10 AS Decimal(12, 2)), NULL, 2005, CAST(N'2019-01-12 00:00:00' AS SmallDateTime), NULL, NULL, NULL, NULL, NULL, NULL, CAST(N'2019-01-12 02:28:50.137' AS DateTime), NULL, NULL, NULL, NULL, NULL)
GO
INSERT [dbo].[tbl_JEntry] ([JEntryId], [BranchID], [VoucherName], [IsActive], [Amount], [Description], [RefID], [VoucherDate], [ReferenceDetail], [PaymentType], [BankName], [ChequeDate], [ChequeNumber], [AddBy], [AddOn], [UpdateOn], [UpdateBy], [DeleteOn], [DeleteBy], [IsDeleted]) VALUES (1018, NULL, N'Sales', 1, CAST(40.00 AS Decimal(12, 2)), NULL, 2008, CAST(N'2019-01-12 00:00:00' AS SmallDateTime), NULL, NULL, NULL, NULL, NULL, NULL, CAST(N'2019-01-12 02:39:21.497' AS DateTime), NULL, NULL, NULL, NULL, NULL)
GO
INSERT [dbo].[tbl_JEntry] ([JEntryId], [BranchID], [VoucherName], [IsActive], [Amount], [Description], [RefID], [VoucherDate], [ReferenceDetail], [PaymentType], [BankName], [ChequeDate], [ChequeNumber], [AddBy], [AddOn], [UpdateOn], [UpdateBy], [DeleteOn], [DeleteBy], [IsDeleted]) VALUES (1019, NULL, N'Sales', 1, CAST(60.00 AS Decimal(12, 2)), NULL, 2009, CAST(N'2019-01-12 00:00:00' AS SmallDateTime), NULL, NULL, NULL, NULL, NULL, NULL, CAST(N'2019-01-12 02:48:46.123' AS DateTime), NULL, NULL, NULL, NULL, NULL)
GO
INSERT [dbo].[tbl_JEntry] ([JEntryId], [BranchID], [VoucherName], [IsActive], [Amount], [Description], [RefID], [VoucherDate], [ReferenceDetail], [PaymentType], [BankName], [ChequeDate], [ChequeNumber], [AddBy], [AddOn], [UpdateOn], [UpdateBy], [DeleteOn], [DeleteBy], [IsDeleted]) VALUES (1020, NULL, N'Sales Return', 1, CAST(10.00 AS Decimal(12, 2)), NULL, 2, CAST(N'2019-01-12 02:51:00' AS SmallDateTime), NULL, NULL, NULL, NULL, NULL, NULL, CAST(N'2019-01-12 02:51:52.933' AS DateTime), NULL, NULL, NULL, NULL, NULL)
GO
INSERT [dbo].[tbl_JEntry] ([JEntryId], [BranchID], [VoucherName], [IsActive], [Amount], [Description], [RefID], [VoucherDate], [ReferenceDetail], [PaymentType], [BankName], [ChequeDate], [ChequeNumber], [AddBy], [AddOn], [UpdateOn], [UpdateBy], [DeleteOn], [DeleteBy], [IsDeleted]) VALUES (1021, NULL, N'Sales Return Payment', 1, CAST(10.00 AS Decimal(12, 2)), NULL, 2, CAST(N'2019-01-12 02:52:00' AS SmallDateTime), NULL, NULL, NULL, NULL, NULL, NULL, CAST(N'2019-01-12 02:51:52.933' AS DateTime), NULL, NULL, NULL, NULL, NULL)
GO
INSERT [dbo].[tbl_JEntry] ([JEntryId], [BranchID], [VoucherName], [IsActive], [Amount], [Description], [RefID], [VoucherDate], [ReferenceDetail], [PaymentType], [BankName], [ChequeDate], [ChequeNumber], [AddBy], [AddOn], [UpdateOn], [UpdateBy], [DeleteOn], [DeleteBy], [IsDeleted]) VALUES (1022, NULL, N'Vendor Payment', 1, CAST(459.90 AS Decimal(12, 2)), NULL, NULL, CAST(N'2019-01-12 00:00:00' AS SmallDateTime), NULL, NULL, NULL, CAST(N'2019-01-12 00:00:00' AS SmallDateTime), NULL, 1, CAST(N'2019-01-12 03:04:11.807' AS DateTime), NULL, NULL, NULL, NULL, NULL)
GO
INSERT [dbo].[tbl_JEntry] ([JEntryId], [BranchID], [VoucherName], [IsActive], [Amount], [Description], [RefID], [VoucherDate], [ReferenceDetail], [PaymentType], [BankName], [ChequeDate], [ChequeNumber], [AddBy], [AddOn], [UpdateOn], [UpdateBy], [DeleteOn], [DeleteBy], [IsDeleted]) VALUES (1023, NULL, N'Sales Receiving', 1, CAST(40.00 AS Decimal(12, 2)), NULL, NULL, CAST(N'2019-01-12 00:00:00' AS SmallDateTime), NULL, NULL, NULL, CAST(N'2019-01-12 00:00:00' AS SmallDateTime), NULL, 1, CAST(N'2019-01-12 03:05:31.627' AS DateTime), NULL, NULL, NULL, NULL, NULL)
GO
INSERT [dbo].[tbl_JEntry] ([JEntryId], [BranchID], [VoucherName], [IsActive], [Amount], [Description], [RefID], [VoucherDate], [ReferenceDetail], [PaymentType], [BankName], [ChequeDate], [ChequeNumber], [AddBy], [AddOn], [UpdateOn], [UpdateBy], [DeleteOn], [DeleteBy], [IsDeleted]) VALUES (1024, NULL, N'Sales Receiving', 1, CAST(40.00 AS Decimal(12, 2)), NULL, NULL, CAST(N'2019-01-14 00:00:00' AS SmallDateTime), NULL, NULL, N'BANK MUSCAT', CAST(N'2019-01-14 00:00:00' AS SmallDateTime), NULL, 1, CAST(N'2019-01-13 02:33:07.970' AS DateTime), NULL, NULL, NULL, NULL, NULL)
GO
INSERT [dbo].[tbl_JEntry] ([JEntryId], [BranchID], [VoucherName], [IsActive], [Amount], [Description], [RefID], [VoucherDate], [ReferenceDetail], [PaymentType], [BankName], [ChequeDate], [ChequeNumber], [AddBy], [AddOn], [UpdateOn], [UpdateBy], [DeleteOn], [DeleteBy], [IsDeleted]) VALUES (1025, NULL, N'Purchase Return', 1, CAST(113.82 AS Decimal(12, 2)), NULL, 4, CAST(N'2019-01-14 02:35:00' AS SmallDateTime), NULL, NULL, NULL, NULL, NULL, NULL, CAST(N'2019-01-13 02:35:29.373' AS DateTime), NULL, NULL, NULL, NULL, NULL)
GO
INSERT [dbo].[tbl_JEntry] ([JEntryId], [BranchID], [VoucherName], [IsActive], [Amount], [Description], [RefID], [VoucherDate], [ReferenceDetail], [PaymentType], [BankName], [ChequeDate], [ChequeNumber], [AddBy], [AddOn], [UpdateOn], [UpdateBy], [DeleteOn], [DeleteBy], [IsDeleted]) VALUES (1026, NULL, N'Purchase', 1, CAST(514.10 AS Decimal(12, 2)), NULL, 2006, CAST(N'2019-01-13 00:00:00' AS SmallDateTime), NULL, NULL, NULL, NULL, NULL, NULL, CAST(N'2019-01-13 08:34:50.907' AS DateTime), NULL, NULL, NULL, NULL, NULL)
GO
SET IDENTITY_INSERT [dbo].[tbl_JEntry] OFF
GO
INSERT [dbo].[tbl_JEntryType] ([EntryTypeID], [EntryType], [Detail]) VALUES (1, N'Purchase ', N'Purchase Payment')
GO
INSERT [dbo].[tbl_JEntryType] ([EntryTypeID], [EntryType], [Detail]) VALUES (2, N'Sales Receiving ', N'Received Against Sales')
GO
INSERT [dbo].[tbl_JEntryType] ([EntryTypeID], [EntryType], [Detail]) VALUES (3, N'Purchase  Return', N'Received against PO Return')
GO
INSERT [dbo].[tbl_JEntryType] ([EntryTypeID], [EntryType], [Detail]) VALUES (4, N'Sales Return ', N'Paid against Sales Return ')
GO
SET IDENTITY_INSERT [dbo].[tbl_JDetail] ON 

GO
INSERT [dbo].[tbl_JDetail] ([JDetailID], [JEntryID], [AccountID], [Dr], [Cr], [AddOn], [Memo], [Detail], [EntryTypeID], [UserReferenceID], [OrderID], [isVendorPaid]) VALUES (1, 1, 3, CAST(152.80 AS Decimal(9, 2)), CAST(0.00 AS Decimal(9, 2)), CAST(N'2018-12-18 05:06:00' AS SmallDateTime), NULL, NULL, NULL, NULL, NULL, NULL)
GO
INSERT [dbo].[tbl_JDetail] ([JDetailID], [JEntryID], [AccountID], [Dr], [Cr], [AddOn], [Memo], [Detail], [EntryTypeID], [UserReferenceID], [OrderID], [isVendorPaid]) VALUES (2, 1, 28, CAST(0.00 AS Decimal(9, 2)), CAST(152.80 AS Decimal(9, 2)), CAST(N'2018-12-18 05:06:00' AS SmallDateTime), NULL, N'Invoice NO: 1001', NULL, NULL, NULL, NULL)
GO
INSERT [dbo].[tbl_JDetail] ([JDetailID], [JEntryID], [AccountID], [Dr], [Cr], [AddOn], [Memo], [Detail], [EntryTypeID], [UserReferenceID], [OrderID], [isVendorPaid]) VALUES (23, 12, 3, CAST(55.50 AS Decimal(9, 2)), CAST(0.00 AS Decimal(9, 2)), CAST(N'2018-12-18 05:19:00' AS SmallDateTime), NULL, NULL, NULL, NULL, NULL, NULL)
GO
INSERT [dbo].[tbl_JDetail] ([JDetailID], [JEntryID], [AccountID], [Dr], [Cr], [AddOn], [Memo], [Detail], [EntryTypeID], [UserReferenceID], [OrderID], [isVendorPaid]) VALUES (24, 12, 26, CAST(0.00 AS Decimal(9, 2)), CAST(55.50 AS Decimal(9, 2)), CAST(N'2018-12-18 05:19:00' AS SmallDateTime), NULL, N'Invoice NO: 1008', NULL, NULL, NULL, NULL)
GO
INSERT [dbo].[tbl_JDetail] ([JDetailID], [JEntryID], [AccountID], [Dr], [Cr], [AddOn], [Memo], [Detail], [EntryTypeID], [UserReferenceID], [OrderID], [isVendorPaid]) VALUES (25, 13, 3, CAST(3400.01 AS Decimal(9, 2)), CAST(0.00 AS Decimal(9, 2)), CAST(N'2018-12-18 05:46:00' AS SmallDateTime), NULL, NULL, NULL, NULL, NULL, NULL)
GO
INSERT [dbo].[tbl_JDetail] ([JDetailID], [JEntryID], [AccountID], [Dr], [Cr], [AddOn], [Memo], [Detail], [EntryTypeID], [UserReferenceID], [OrderID], [isVendorPaid]) VALUES (26, 13, 6, CAST(6800.00 AS Decimal(9, 2)), CAST(0.00 AS Decimal(9, 2)), CAST(N'2018-12-18 05:46:00' AS SmallDateTime), NULL, NULL, NULL, NULL, NULL, NULL)
GO
INSERT [dbo].[tbl_JDetail] ([JDetailID], [JEntryID], [AccountID], [Dr], [Cr], [AddOn], [Memo], [Detail], [EntryTypeID], [UserReferenceID], [OrderID], [isVendorPaid]) VALUES (27, 13, 5, CAST(1000.00 AS Decimal(9, 2)), CAST(0.00 AS Decimal(9, 2)), CAST(N'2018-12-18 05:46:00' AS SmallDateTime), NULL, NULL, NULL, NULL, NULL, NULL)
GO
INSERT [dbo].[tbl_JDetail] ([JDetailID], [JEntryID], [AccountID], [Dr], [Cr], [AddOn], [Memo], [Detail], [EntryTypeID], [UserReferenceID], [OrderID], [isVendorPaid]) VALUES (28, 13, 26, CAST(0.00 AS Decimal(9, 2)), CAST(10200.01 AS Decimal(9, 2)), CAST(N'2018-12-18 05:46:00' AS SmallDateTime), NULL, N'Invoice NO: 1009', NULL, NULL, NULL, NULL)
GO
INSERT [dbo].[tbl_JDetail] ([JDetailID], [JEntryID], [AccountID], [Dr], [Cr], [AddOn], [Memo], [Detail], [EntryTypeID], [UserReferenceID], [OrderID], [isVendorPaid]) VALUES (29, 13, 8, CAST(0.00 AS Decimal(9, 2)), CAST(1000.00 AS Decimal(9, 2)), CAST(N'2018-12-18 05:46:00' AS SmallDateTime), NULL, NULL, NULL, NULL, NULL, NULL)
GO
INSERT [dbo].[tbl_JDetail] ([JDetailID], [JEntryID], [AccountID], [Dr], [Cr], [AddOn], [Memo], [Detail], [EntryTypeID], [UserReferenceID], [OrderID], [isVendorPaid]) VALUES (30, 14, 28, CAST(44.80 AS Decimal(9, 2)), CAST(0.00 AS Decimal(9, 2)), CAST(N'2018-12-18 05:47:00' AS SmallDateTime), NULL, N'Purchase Return for Invoice No: 1001', NULL, NULL, NULL, NULL)
GO
INSERT [dbo].[tbl_JDetail] ([JDetailID], [JEntryID], [AccountID], [Dr], [Cr], [AddOn], [Memo], [Detail], [EntryTypeID], [UserReferenceID], [OrderID], [isVendorPaid]) VALUES (31, 14, 3, CAST(0.00 AS Decimal(9, 2)), CAST(44.80 AS Decimal(9, 2)), CAST(N'2018-12-18 05:47:00' AS SmallDateTime), NULL, N'Purchase Return ReturnID: 1', NULL, NULL, NULL, NULL)
GO
INSERT [dbo].[tbl_JDetail] ([JDetailID], [JEntryID], [AccountID], [Dr], [Cr], [AddOn], [Memo], [Detail], [EntryTypeID], [UserReferenceID], [OrderID], [isVendorPaid]) VALUES (32, 15, 26, CAST(55.50 AS Decimal(9, 2)), CAST(0.00 AS Decimal(9, 2)), CAST(N'2018-12-18 05:48:00' AS SmallDateTime), NULL, N'Paid for Invoice No: 1008,', NULL, NULL, NULL, NULL)
GO
INSERT [dbo].[tbl_JDetail] ([JDetailID], [JEntryID], [AccountID], [Dr], [Cr], [AddOn], [Memo], [Detail], [EntryTypeID], [UserReferenceID], [OrderID], [isVendorPaid]) VALUES (33, 15, 1, CAST(0.00 AS Decimal(9, 2)), CAST(55.50 AS Decimal(9, 2)), CAST(N'2018-12-18 05:48:00' AS SmallDateTime), NULL, N'Paid for Invoice No: 1008,', NULL, NULL, NULL, NULL)
GO
INSERT [dbo].[tbl_JDetail] ([JDetailID], [JEntryID], [AccountID], [Dr], [Cr], [AddOn], [Memo], [Detail], [EntryTypeID], [UserReferenceID], [OrderID], [isVendorPaid]) VALUES (34, 16, 29, CAST(36.00 AS Decimal(9, 2)), CAST(0.00 AS Decimal(9, 2)), CAST(N'2018-12-18 06:17:00' AS SmallDateTime), NULL, N'OrderNo: 1001', NULL, NULL, NULL, NULL)
GO
INSERT [dbo].[tbl_JDetail] ([JDetailID], [JEntryID], [AccountID], [Dr], [Cr], [AddOn], [Memo], [Detail], [EntryTypeID], [UserReferenceID], [OrderID], [isVendorPaid]) VALUES (35, 16, 7, CAST(0.00 AS Decimal(9, 2)), CAST(30.00 AS Decimal(9, 2)), CAST(N'2018-12-18 06:17:00' AS SmallDateTime), NULL, N'OrderNo: 1001', NULL, NULL, NULL, 1)
GO
INSERT [dbo].[tbl_JDetail] ([JDetailID], [JEntryID], [AccountID], [Dr], [Cr], [AddOn], [Memo], [Detail], [EntryTypeID], [UserReferenceID], [OrderID], [isVendorPaid]) VALUES (36, 16, 6, CAST(0.00 AS Decimal(9, 2)), CAST(6.00 AS Decimal(9, 2)), CAST(N'2018-12-18 06:17:00' AS SmallDateTime), NULL, NULL, NULL, NULL, NULL, NULL)
GO
INSERT [dbo].[tbl_JDetail] ([JDetailID], [JEntryID], [AccountID], [Dr], [Cr], [AddOn], [Memo], [Detail], [EntryTypeID], [UserReferenceID], [OrderID], [isVendorPaid]) VALUES (37, 17, 2, CAST(36.00 AS Decimal(9, 2)), CAST(0.00 AS Decimal(9, 2)), CAST(N'2018-12-18 06:17:00' AS SmallDateTime), NULL, N'Received for OrderNo: 1001', NULL, NULL, NULL, 1)
GO
INSERT [dbo].[tbl_JDetail] ([JDetailID], [JEntryID], [AccountID], [Dr], [Cr], [AddOn], [Memo], [Detail], [EntryTypeID], [UserReferenceID], [OrderID], [isVendorPaid]) VALUES (38, 17, 29, CAST(0.00 AS Decimal(9, 2)), CAST(36.00 AS Decimal(9, 2)), CAST(N'2018-12-18 06:17:00' AS SmallDateTime), NULL, N'Received for OrderNo: 1001', 1, NULL, 1001, NULL)
GO
INSERT [dbo].[tbl_JDetail] ([JDetailID], [JEntryID], [AccountID], [Dr], [Cr], [AddOn], [Memo], [Detail], [EntryTypeID], [UserReferenceID], [OrderID], [isVendorPaid]) VALUES (39, 18, 3, CAST(31000.00 AS Decimal(9, 2)), CAST(0.00 AS Decimal(9, 2)), CAST(N'2018-12-19 09:05:00' AS SmallDateTime), NULL, NULL, NULL, NULL, NULL, NULL)
GO
INSERT [dbo].[tbl_JDetail] ([JDetailID], [JEntryID], [AccountID], [Dr], [Cr], [AddOn], [Memo], [Detail], [EntryTypeID], [UserReferenceID], [OrderID], [isVendorPaid]) VALUES (40, 18, 6, CAST(1550.00 AS Decimal(9, 2)), CAST(0.00 AS Decimal(9, 2)), CAST(N'2018-12-19 09:05:00' AS SmallDateTime), NULL, NULL, NULL, NULL, NULL, NULL)
GO
INSERT [dbo].[tbl_JDetail] ([JDetailID], [JEntryID], [AccountID], [Dr], [Cr], [AddOn], [Memo], [Detail], [EntryTypeID], [UserReferenceID], [OrderID], [isVendorPaid]) VALUES (41, 18, 5, CAST(5000.00 AS Decimal(9, 2)), CAST(0.00 AS Decimal(9, 2)), CAST(N'2018-12-19 09:05:00' AS SmallDateTime), NULL, NULL, NULL, NULL, NULL, NULL)
GO
INSERT [dbo].[tbl_JDetail] ([JDetailID], [JEntryID], [AccountID], [Dr], [Cr], [AddOn], [Memo], [Detail], [EntryTypeID], [UserReferenceID], [OrderID], [isVendorPaid]) VALUES (42, 18, 34, CAST(0.00 AS Decimal(9, 2)), CAST(32550.00 AS Decimal(9, 2)), CAST(N'2018-12-19 09:05:00' AS SmallDateTime), NULL, N'Invoice NO: 1010', NULL, NULL, NULL, NULL)
GO
INSERT [dbo].[tbl_JDetail] ([JDetailID], [JEntryID], [AccountID], [Dr], [Cr], [AddOn], [Memo], [Detail], [EntryTypeID], [UserReferenceID], [OrderID], [isVendorPaid]) VALUES (43, 18, 8, CAST(0.00 AS Decimal(9, 2)), CAST(5000.00 AS Decimal(9, 2)), CAST(N'2018-12-19 09:05:00' AS SmallDateTime), NULL, NULL, NULL, NULL, NULL, NULL)
GO
INSERT [dbo].[tbl_JDetail] ([JDetailID], [JEntryID], [AccountID], [Dr], [Cr], [AddOn], [Memo], [Detail], [EntryTypeID], [UserReferenceID], [OrderID], [isVendorPaid]) VALUES (44, 19, 34, CAST(20000.00 AS Decimal(9, 2)), CAST(0.00 AS Decimal(9, 2)), CAST(N'2018-12-19 09:05:00' AS SmallDateTime), NULL, N'Partial Pay for Invoice No: 1010', NULL, NULL, NULL, NULL)
GO
INSERT [dbo].[tbl_JDetail] ([JDetailID], [JEntryID], [AccountID], [Dr], [Cr], [AddOn], [Memo], [Detail], [EntryTypeID], [UserReferenceID], [OrderID], [isVendorPaid]) VALUES (45, 19, 1, CAST(0.00 AS Decimal(9, 2)), CAST(20000.00 AS Decimal(9, 2)), CAST(N'2018-12-19 09:05:00' AS SmallDateTime), NULL, N'Partial Pay for Invoice No: 1010', 1, N'0122', 1010, NULL)
GO
INSERT [dbo].[tbl_JDetail] ([JDetailID], [JEntryID], [AccountID], [Dr], [Cr], [AddOn], [Memo], [Detail], [EntryTypeID], [UserReferenceID], [OrderID], [isVendorPaid]) VALUES (46, 20, 34, CAST(6000.00 AS Decimal(9, 2)), CAST(0.00 AS Decimal(9, 2)), CAST(N'2018-12-19 09:11:00' AS SmallDateTime), NULL, N'Paid for Invoice No: 1010,', NULL, NULL, NULL, NULL)
GO
INSERT [dbo].[tbl_JDetail] ([JDetailID], [JEntryID], [AccountID], [Dr], [Cr], [AddOn], [Memo], [Detail], [EntryTypeID], [UserReferenceID], [OrderID], [isVendorPaid]) VALUES (47, 20, 2, CAST(0.00 AS Decimal(9, 2)), CAST(6000.00 AS Decimal(9, 2)), CAST(N'2018-12-19 09:11:00' AS SmallDateTime), NULL, N'Paid for Invoice No: 1010,', NULL, NULL, NULL, NULL)
GO
INSERT [dbo].[tbl_JDetail] ([JDetailID], [JEntryID], [AccountID], [Dr], [Cr], [AddOn], [Memo], [Detail], [EntryTypeID], [UserReferenceID], [OrderID], [isVendorPaid]) VALUES (48, 21, 34, CAST(2000.00 AS Decimal(9, 2)), CAST(0.00 AS Decimal(9, 2)), CAST(N'2018-12-19 09:31:00' AS SmallDateTime), NULL, N'Paid for Invoice No: 1010,', NULL, NULL, NULL, NULL)
GO
INSERT [dbo].[tbl_JDetail] ([JDetailID], [JEntryID], [AccountID], [Dr], [Cr], [AddOn], [Memo], [Detail], [EntryTypeID], [UserReferenceID], [OrderID], [isVendorPaid]) VALUES (49, 21, 1, CAST(0.00 AS Decimal(9, 2)), CAST(2000.00 AS Decimal(9, 2)), CAST(N'2018-12-19 09:31:00' AS SmallDateTime), NULL, N'Paid for Invoice No: 1010,', NULL, NULL, NULL, NULL)
GO
INSERT [dbo].[tbl_JDetail] ([JDetailID], [JEntryID], [AccountID], [Dr], [Cr], [AddOn], [Memo], [Detail], [EntryTypeID], [UserReferenceID], [OrderID], [isVendorPaid]) VALUES (50, 22, 35, CAST(6825.00 AS Decimal(9, 2)), CAST(0.00 AS Decimal(9, 2)), CAST(N'2018-12-19 09:54:00' AS SmallDateTime), NULL, N'OrderNO: 1002', NULL, NULL, NULL, NULL)
GO
INSERT [dbo].[tbl_JDetail] ([JDetailID], [JEntryID], [AccountID], [Dr], [Cr], [AddOn], [Memo], [Detail], [EntryTypeID], [UserReferenceID], [OrderID], [isVendorPaid]) VALUES (51, 22, 7, CAST(0.00 AS Decimal(9, 2)), CAST(6500.00 AS Decimal(9, 2)), CAST(N'2018-12-19 09:54:00' AS SmallDateTime), NULL, N'OrderNO: 1002', NULL, NULL, NULL, NULL)
GO
INSERT [dbo].[tbl_JDetail] ([JDetailID], [JEntryID], [AccountID], [Dr], [Cr], [AddOn], [Memo], [Detail], [EntryTypeID], [UserReferenceID], [OrderID], [isVendorPaid]) VALUES (52, 22, 6, CAST(0.00 AS Decimal(9, 2)), CAST(325.00 AS Decimal(9, 2)), CAST(N'2018-12-19 09:54:00' AS SmallDateTime), NULL, NULL, NULL, NULL, NULL, NULL)
GO
INSERT [dbo].[tbl_JDetail] ([JDetailID], [JEntryID], [AccountID], [Dr], [Cr], [AddOn], [Memo], [Detail], [EntryTypeID], [UserReferenceID], [OrderID], [isVendorPaid]) VALUES (53, 23, 1, CAST(6000.00 AS Decimal(9, 2)), CAST(0.00 AS Decimal(9, 2)), CAST(N'2018-12-19 09:54:00' AS SmallDateTime), NULL, N'Partial Receiving for OrderNo: 1002', NULL, NULL, NULL, NULL)
GO
INSERT [dbo].[tbl_JDetail] ([JDetailID], [JEntryID], [AccountID], [Dr], [Cr], [AddOn], [Memo], [Detail], [EntryTypeID], [UserReferenceID], [OrderID], [isVendorPaid]) VALUES (54, 23, 35, CAST(0.00 AS Decimal(9, 2)), CAST(6000.00 AS Decimal(9, 2)), CAST(N'2018-12-19 09:54:00' AS SmallDateTime), NULL, N'Partial Receiving for OrderNo: 1002', 1, NULL, 1002, NULL)
GO
INSERT [dbo].[tbl_JDetail] ([JDetailID], [JEntryID], [AccountID], [Dr], [Cr], [AddOn], [Memo], [Detail], [EntryTypeID], [UserReferenceID], [OrderID], [isVendorPaid]) VALUES (1002, 1002, 3, CAST(438.00 AS Decimal(9, 2)), CAST(0.00 AS Decimal(9, 2)), CAST(N'2018-12-24 01:28:00' AS SmallDateTime), NULL, NULL, NULL, NULL, NULL, NULL)
GO
INSERT [dbo].[tbl_JDetail] ([JDetailID], [JEntryID], [AccountID], [Dr], [Cr], [AddOn], [Memo], [Detail], [EntryTypeID], [UserReferenceID], [OrderID], [isVendorPaid]) VALUES (1003, 1002, 6, CAST(22.00 AS Decimal(9, 2)), CAST(0.00 AS Decimal(9, 2)), CAST(N'2018-12-24 01:28:00' AS SmallDateTime), NULL, NULL, NULL, NULL, NULL, NULL)
GO
INSERT [dbo].[tbl_JDetail] ([JDetailID], [JEntryID], [AccountID], [Dr], [Cr], [AddOn], [Memo], [Detail], [EntryTypeID], [UserReferenceID], [OrderID], [isVendorPaid]) VALUES (1004, 1002, 5, CAST(20.00 AS Decimal(9, 2)), CAST(0.00 AS Decimal(9, 2)), CAST(N'2018-12-24 01:28:00' AS SmallDateTime), NULL, NULL, NULL, NULL, NULL, NULL)
GO
INSERT [dbo].[tbl_JDetail] ([JDetailID], [JEntryID], [AccountID], [Dr], [Cr], [AddOn], [Memo], [Detail], [EntryTypeID], [UserReferenceID], [OrderID], [isVendorPaid]) VALUES (1005, 1002, 1001, CAST(0.00 AS Decimal(9, 2)), CAST(460.00 AS Decimal(9, 2)), CAST(N'2018-12-24 01:28:00' AS SmallDateTime), NULL, N'Invoice NO: 2002', NULL, NULL, NULL, NULL)
GO
INSERT [dbo].[tbl_JDetail] ([JDetailID], [JEntryID], [AccountID], [Dr], [Cr], [AddOn], [Memo], [Detail], [EntryTypeID], [UserReferenceID], [OrderID], [isVendorPaid]) VALUES (1006, 1002, 8, CAST(0.00 AS Decimal(9, 2)), CAST(20.00 AS Decimal(9, 2)), CAST(N'2018-12-24 01:28:00' AS SmallDateTime), NULL, NULL, NULL, NULL, NULL, NULL)
GO
INSERT [dbo].[tbl_JDetail] ([JDetailID], [JEntryID], [AccountID], [Dr], [Cr], [AddOn], [Memo], [Detail], [EntryTypeID], [UserReferenceID], [OrderID], [isVendorPaid]) VALUES (1007, 1003, 3, CAST(70.72 AS Decimal(9, 2)), CAST(0.00 AS Decimal(9, 2)), CAST(N'2018-12-24 01:31:00' AS SmallDateTime), NULL, NULL, NULL, NULL, NULL, NULL)
GO
INSERT [dbo].[tbl_JDetail] ([JDetailID], [JEntryID], [AccountID], [Dr], [Cr], [AddOn], [Memo], [Detail], [EntryTypeID], [UserReferenceID], [OrderID], [isVendorPaid]) VALUES (1008, 1003, 6, CAST(4.00 AS Decimal(9, 2)), CAST(0.00 AS Decimal(9, 2)), CAST(N'2018-12-24 01:31:00' AS SmallDateTime), NULL, NULL, NULL, NULL, NULL, NULL)
GO
INSERT [dbo].[tbl_JDetail] ([JDetailID], [JEntryID], [AccountID], [Dr], [Cr], [AddOn], [Memo], [Detail], [EntryTypeID], [UserReferenceID], [OrderID], [isVendorPaid]) VALUES (1009, 1003, 5, CAST(2.00 AS Decimal(9, 2)), CAST(0.00 AS Decimal(9, 2)), CAST(N'2018-12-24 01:31:00' AS SmallDateTime), NULL, NULL, NULL, NULL, NULL, NULL)
GO
INSERT [dbo].[tbl_JDetail] ([JDetailID], [JEntryID], [AccountID], [Dr], [Cr], [AddOn], [Memo], [Detail], [EntryTypeID], [UserReferenceID], [OrderID], [isVendorPaid]) VALUES (1010, 1003, 1002, CAST(0.00 AS Decimal(9, 2)), CAST(74.72 AS Decimal(9, 2)), CAST(N'2018-12-24 01:31:00' AS SmallDateTime), NULL, N'Invoice NO: 2003', NULL, NULL, NULL, NULL)
GO
INSERT [dbo].[tbl_JDetail] ([JDetailID], [JEntryID], [AccountID], [Dr], [Cr], [AddOn], [Memo], [Detail], [EntryTypeID], [UserReferenceID], [OrderID], [isVendorPaid]) VALUES (1011, 1003, 8, CAST(0.00 AS Decimal(9, 2)), CAST(2.00 AS Decimal(9, 2)), CAST(N'2018-12-24 01:31:00' AS SmallDateTime), NULL, NULL, NULL, NULL, NULL, NULL)
GO
INSERT [dbo].[tbl_JDetail] ([JDetailID], [JEntryID], [AccountID], [Dr], [Cr], [AddOn], [Memo], [Detail], [EntryTypeID], [UserReferenceID], [OrderID], [isVendorPaid]) VALUES (1012, 1004, 1001, CAST(229.95 AS Decimal(9, 2)), CAST(0.00 AS Decimal(9, 2)), CAST(N'2018-12-24 01:32:00' AS SmallDateTime), NULL, N'Purchase Return for Invoice No: 2002', NULL, NULL, NULL, NULL)
GO
INSERT [dbo].[tbl_JDetail] ([JDetailID], [JEntryID], [AccountID], [Dr], [Cr], [AddOn], [Memo], [Detail], [EntryTypeID], [UserReferenceID], [OrderID], [isVendorPaid]) VALUES (1013, 1004, 3, CAST(0.00 AS Decimal(9, 2)), CAST(219.00 AS Decimal(9, 2)), CAST(N'2018-12-24 01:32:00' AS SmallDateTime), NULL, N'Purchase Return ReturnID: 2', NULL, NULL, NULL, NULL)
GO
INSERT [dbo].[tbl_JDetail] ([JDetailID], [JEntryID], [AccountID], [Dr], [Cr], [AddOn], [Memo], [Detail], [EntryTypeID], [UserReferenceID], [OrderID], [isVendorPaid]) VALUES (1014, 1004, 6, CAST(0.00 AS Decimal(9, 2)), CAST(10.95 AS Decimal(9, 2)), CAST(N'2018-12-24 01:32:00' AS SmallDateTime), NULL, N'Purchase Return ReturnID: 2', NULL, NULL, NULL, NULL)
GO
INSERT [dbo].[tbl_JDetail] ([JDetailID], [JEntryID], [AccountID], [Dr], [Cr], [AddOn], [Memo], [Detail], [EntryTypeID], [UserReferenceID], [OrderID], [isVendorPaid]) VALUES (1015, 1005, 1004, CAST(185.00 AS Decimal(9, 2)), CAST(0.00 AS Decimal(9, 2)), CAST(N'2018-12-24 01:43:00' AS SmallDateTime), NULL, N'OrderNO: 2002', NULL, NULL, NULL, NULL)
GO
INSERT [dbo].[tbl_JDetail] ([JDetailID], [JEntryID], [AccountID], [Dr], [Cr], [AddOn], [Memo], [Detail], [EntryTypeID], [UserReferenceID], [OrderID], [isVendorPaid]) VALUES (1016, 1005, 7, CAST(0.00 AS Decimal(9, 2)), CAST(185.00 AS Decimal(9, 2)), CAST(N'2018-12-24 01:43:00' AS SmallDateTime), NULL, N'OrderNO: 2002', NULL, NULL, NULL, NULL)
GO
INSERT [dbo].[tbl_JDetail] ([JDetailID], [JEntryID], [AccountID], [Dr], [Cr], [AddOn], [Memo], [Detail], [EntryTypeID], [UserReferenceID], [OrderID], [isVendorPaid]) VALUES (1017, 1006, 1001, CAST(250.00 AS Decimal(9, 2)), CAST(0.00 AS Decimal(9, 2)), CAST(N'2018-12-24 01:53:00' AS SmallDateTime), NULL, N'Paid for Invoice No: 2002,', NULL, NULL, NULL, NULL)
GO
INSERT [dbo].[tbl_JDetail] ([JDetailID], [JEntryID], [AccountID], [Dr], [Cr], [AddOn], [Memo], [Detail], [EntryTypeID], [UserReferenceID], [OrderID], [isVendorPaid]) VALUES (1018, 1006, 2, CAST(0.00 AS Decimal(9, 2)), CAST(250.00 AS Decimal(9, 2)), CAST(N'2018-12-24 01:53:00' AS SmallDateTime), NULL, N'Paid for Invoice No: 2002,', NULL, NULL, NULL, NULL)
GO
INSERT [dbo].[tbl_JDetail] ([JDetailID], [JEntryID], [AccountID], [Dr], [Cr], [AddOn], [Memo], [Detail], [EntryTypeID], [UserReferenceID], [OrderID], [isVendorPaid]) VALUES (1019, 1007, 1003, CAST(120.00 AS Decimal(9, 2)), CAST(0.00 AS Decimal(9, 2)), CAST(N'2018-12-24 11:00:00' AS SmallDateTime), NULL, N'OrderNO: 2003', NULL, NULL, NULL, NULL)
GO
INSERT [dbo].[tbl_JDetail] ([JDetailID], [JEntryID], [AccountID], [Dr], [Cr], [AddOn], [Memo], [Detail], [EntryTypeID], [UserReferenceID], [OrderID], [isVendorPaid]) VALUES (1020, 1007, 7, CAST(0.00 AS Decimal(9, 2)), CAST(120.00 AS Decimal(9, 2)), CAST(N'2018-12-24 11:00:00' AS SmallDateTime), NULL, N'OrderNO: 2003', NULL, NULL, NULL, NULL)
GO
INSERT [dbo].[tbl_JDetail] ([JDetailID], [JEntryID], [AccountID], [Dr], [Cr], [AddOn], [Memo], [Detail], [EntryTypeID], [UserReferenceID], [OrderID], [isVendorPaid]) VALUES (1021, 1008, 1003, CAST(125.00 AS Decimal(9, 2)), CAST(0.00 AS Decimal(9, 2)), CAST(N'2018-12-26 00:44:00' AS SmallDateTime), NULL, N'OrderNO: 2004', NULL, NULL, NULL, NULL)
GO
INSERT [dbo].[tbl_JDetail] ([JDetailID], [JEntryID], [AccountID], [Dr], [Cr], [AddOn], [Memo], [Detail], [EntryTypeID], [UserReferenceID], [OrderID], [isVendorPaid]) VALUES (1022, 1008, 7, CAST(0.00 AS Decimal(9, 2)), CAST(125.00 AS Decimal(9, 2)), CAST(N'2018-12-26 00:44:00' AS SmallDateTime), NULL, N'OrderNO: 2004', NULL, NULL, NULL, NULL)
GO
INSERT [dbo].[tbl_JDetail] ([JDetailID], [JEntryID], [AccountID], [Dr], [Cr], [AddOn], [Memo], [Detail], [EntryTypeID], [UserReferenceID], [OrderID], [isVendorPaid]) VALUES (1023, 1009, 1003, CAST(90.00 AS Decimal(9, 2)), CAST(0.00 AS Decimal(9, 2)), CAST(N'2018-12-26 00:45:00' AS SmallDateTime), NULL, N'OrderNo: 2005', NULL, NULL, NULL, NULL)
GO
INSERT [dbo].[tbl_JDetail] ([JDetailID], [JEntryID], [AccountID], [Dr], [Cr], [AddOn], [Memo], [Detail], [EntryTypeID], [UserReferenceID], [OrderID], [isVendorPaid]) VALUES (1024, 1009, 7, CAST(0.00 AS Decimal(9, 2)), CAST(90.00 AS Decimal(9, 2)), CAST(N'2018-12-26 00:45:00' AS SmallDateTime), NULL, N'OrderNo: 2005', NULL, NULL, NULL, 1)
GO
INSERT [dbo].[tbl_JDetail] ([JDetailID], [JEntryID], [AccountID], [Dr], [Cr], [AddOn], [Memo], [Detail], [EntryTypeID], [UserReferenceID], [OrderID], [isVendorPaid]) VALUES (1025, 1010, 2, CAST(90.00 AS Decimal(9, 2)), CAST(0.00 AS Decimal(9, 2)), CAST(N'2018-12-26 00:45:00' AS SmallDateTime), NULL, N'OrderNo: 2005', NULL, NULL, NULL, 1)
GO
INSERT [dbo].[tbl_JDetail] ([JDetailID], [JEntryID], [AccountID], [Dr], [Cr], [AddOn], [Memo], [Detail], [EntryTypeID], [UserReferenceID], [OrderID], [isVendorPaid]) VALUES (1026, 1010, 1003, CAST(0.00 AS Decimal(9, 2)), CAST(90.00 AS Decimal(9, 2)), CAST(N'2018-12-26 00:45:00' AS SmallDateTime), NULL, N'Received for OrderNo: 2005', 1, NULL, 2005, NULL)
GO
INSERT [dbo].[tbl_JDetail] ([JDetailID], [JEntryID], [AccountID], [Dr], [Cr], [AddOn], [Memo], [Detail], [EntryTypeID], [UserReferenceID], [OrderID], [isVendorPaid]) VALUES (1027, 1011, 1003, CAST(50.00 AS Decimal(9, 2)), CAST(0.00 AS Decimal(9, 2)), CAST(N'2018-12-26 00:46:00' AS SmallDateTime), NULL, N'OrderNO: 2006', NULL, NULL, NULL, NULL)
GO
INSERT [dbo].[tbl_JDetail] ([JDetailID], [JEntryID], [AccountID], [Dr], [Cr], [AddOn], [Memo], [Detail], [EntryTypeID], [UserReferenceID], [OrderID], [isVendorPaid]) VALUES (1028, 1011, 7, CAST(0.00 AS Decimal(9, 2)), CAST(50.00 AS Decimal(9, 2)), CAST(N'2018-12-26 00:46:00' AS SmallDateTime), NULL, N'OrderNO: 2006', NULL, NULL, NULL, NULL)
GO
INSERT [dbo].[tbl_JDetail] ([JDetailID], [JEntryID], [AccountID], [Dr], [Cr], [AddOn], [Memo], [Detail], [EntryTypeID], [UserReferenceID], [OrderID], [isVendorPaid]) VALUES (1029, 1012, 1, CAST(25.00 AS Decimal(9, 2)), CAST(0.00 AS Decimal(9, 2)), CAST(N'2018-12-26 00:46:00' AS SmallDateTime), NULL, N'Partial Receiving for OrderNo: 2006', NULL, NULL, NULL, NULL)
GO
INSERT [dbo].[tbl_JDetail] ([JDetailID], [JEntryID], [AccountID], [Dr], [Cr], [AddOn], [Memo], [Detail], [EntryTypeID], [UserReferenceID], [OrderID], [isVendorPaid]) VALUES (1030, 1012, 1003, CAST(0.00 AS Decimal(9, 2)), CAST(25.00 AS Decimal(9, 2)), CAST(N'2018-12-26 00:46:00' AS SmallDateTime), NULL, N'Partial Receiving for OrderNo: 2006', 1, NULL, 2006, NULL)
GO
INSERT [dbo].[tbl_JDetail] ([JDetailID], [JEntryID], [AccountID], [Dr], [Cr], [AddOn], [Memo], [Detail], [EntryTypeID], [UserReferenceID], [OrderID], [isVendorPaid]) VALUES (1031, 1013, 1003, CAST(84.00 AS Decimal(9, 2)), CAST(0.00 AS Decimal(9, 2)), CAST(N'2019-01-02 10:36:00' AS SmallDateTime), NULL, N'OrderNO: 2007', NULL, NULL, NULL, NULL)
GO
INSERT [dbo].[tbl_JDetail] ([JDetailID], [JEntryID], [AccountID], [Dr], [Cr], [AddOn], [Memo], [Detail], [EntryTypeID], [UserReferenceID], [OrderID], [isVendorPaid]) VALUES (1032, 1013, 7, CAST(0.00 AS Decimal(9, 2)), CAST(84.00 AS Decimal(9, 2)), CAST(N'2019-01-02 10:36:00' AS SmallDateTime), NULL, N'OrderNO: 2007', NULL, NULL, NULL, NULL)
GO
INSERT [dbo].[tbl_JDetail] ([JDetailID], [JEntryID], [AccountID], [Dr], [Cr], [AddOn], [Memo], [Detail], [EntryTypeID], [UserReferenceID], [OrderID], [isVendorPaid]) VALUES (1033, 1014, 4, CAST(5.00 AS Decimal(9, 2)), CAST(0.00 AS Decimal(9, 2)), CAST(N'2019-01-02 23:57:00' AS SmallDateTime), NULL, N'Sales Return ReturnID: 1', NULL, NULL, NULL, NULL)
GO
INSERT [dbo].[tbl_JDetail] ([JDetailID], [JEntryID], [AccountID], [Dr], [Cr], [AddOn], [Memo], [Detail], [EntryTypeID], [UserReferenceID], [OrderID], [isVendorPaid]) VALUES (1034, 1014, 1004, CAST(0.00 AS Decimal(9, 2)), CAST(5.00 AS Decimal(9, 2)), CAST(N'2019-01-02 23:57:00' AS SmallDateTime), NULL, N'Sales Return for Invoice No: 2002', NULL, NULL, NULL, NULL)
GO
INSERT [dbo].[tbl_JDetail] ([JDetailID], [JEntryID], [AccountID], [Dr], [Cr], [AddOn], [Memo], [Detail], [EntryTypeID], [UserReferenceID], [OrderID], [isVendorPaid]) VALUES (1035, 1015, 3, CAST(559.00 AS Decimal(9, 2)), CAST(0.00 AS Decimal(9, 2)), CAST(N'2019-01-12 02:22:00' AS SmallDateTime), NULL, NULL, NULL, NULL, NULL, NULL)
GO
INSERT [dbo].[tbl_JDetail] ([JDetailID], [JEntryID], [AccountID], [Dr], [Cr], [AddOn], [Memo], [Detail], [EntryTypeID], [UserReferenceID], [OrderID], [isVendorPaid]) VALUES (1036, 1015, 6, CAST(27.95 AS Decimal(9, 2)), CAST(0.00 AS Decimal(9, 2)), CAST(N'2019-01-12 02:22:00' AS SmallDateTime), NULL, NULL, NULL, NULL, NULL, NULL)
GO
INSERT [dbo].[tbl_JDetail] ([JDetailID], [JEntryID], [AccountID], [Dr], [Cr], [AddOn], [Memo], [Detail], [EntryTypeID], [UserReferenceID], [OrderID], [isVendorPaid]) VALUES (1037, 1015, 1008, CAST(0.00 AS Decimal(9, 2)), CAST(586.95 AS Decimal(9, 2)), CAST(N'2019-01-12 02:22:00' AS SmallDateTime), NULL, N'Invoice NO: 2004', NULL, NULL, NULL, NULL)
GO
INSERT [dbo].[tbl_JDetail] ([JDetailID], [JEntryID], [AccountID], [Dr], [Cr], [AddOn], [Memo], [Detail], [EntryTypeID], [UserReferenceID], [OrderID], [isVendorPaid]) VALUES (1038, 1016, 1008, CAST(113.82 AS Decimal(9, 2)), CAST(0.00 AS Decimal(9, 2)), CAST(N'2019-01-12 02:23:00' AS SmallDateTime), NULL, N'Purchase Return for Invoice No: 2004', NULL, NULL, NULL, NULL)
GO
INSERT [dbo].[tbl_JDetail] ([JDetailID], [JEntryID], [AccountID], [Dr], [Cr], [AddOn], [Memo], [Detail], [EntryTypeID], [UserReferenceID], [OrderID], [isVendorPaid]) VALUES (1039, 1016, 3, CAST(0.00 AS Decimal(9, 2)), CAST(108.40 AS Decimal(9, 2)), CAST(N'2019-01-12 02:23:00' AS SmallDateTime), NULL, N'Purchase Return ReturnID: 3', NULL, NULL, NULL, NULL)
GO
INSERT [dbo].[tbl_JDetail] ([JDetailID], [JEntryID], [AccountID], [Dr], [Cr], [AddOn], [Memo], [Detail], [EntryTypeID], [UserReferenceID], [OrderID], [isVendorPaid]) VALUES (1040, 1016, 6, CAST(0.00 AS Decimal(9, 2)), CAST(5.42 AS Decimal(9, 2)), CAST(N'2019-01-12 02:23:00' AS SmallDateTime), NULL, N'Purchase Return ReturnID: 3', NULL, NULL, NULL, NULL)
GO
INSERT [dbo].[tbl_JDetail] ([JDetailID], [JEntryID], [AccountID], [Dr], [Cr], [AddOn], [Memo], [Detail], [EntryTypeID], [UserReferenceID], [OrderID], [isVendorPaid]) VALUES (1041, 1017, 3, CAST(6.76 AS Decimal(9, 2)), CAST(0.00 AS Decimal(9, 2)), CAST(N'2019-01-12 02:29:00' AS SmallDateTime), NULL, NULL, NULL, NULL, NULL, NULL)
GO
INSERT [dbo].[tbl_JDetail] ([JDetailID], [JEntryID], [AccountID], [Dr], [Cr], [AddOn], [Memo], [Detail], [EntryTypeID], [UserReferenceID], [OrderID], [isVendorPaid]) VALUES (1042, 1017, 6, CAST(0.34 AS Decimal(9, 2)), CAST(0.00 AS Decimal(9, 2)), CAST(N'2019-01-12 02:29:00' AS SmallDateTime), NULL, NULL, NULL, NULL, NULL, NULL)
GO
INSERT [dbo].[tbl_JDetail] ([JDetailID], [JEntryID], [AccountID], [Dr], [Cr], [AddOn], [Memo], [Detail], [EntryTypeID], [UserReferenceID], [OrderID], [isVendorPaid]) VALUES (1043, 1017, 1001, CAST(0.00 AS Decimal(9, 2)), CAST(7.10 AS Decimal(9, 2)), CAST(N'2019-01-12 02:29:00' AS SmallDateTime), NULL, N'Invoice NO: 2005', NULL, NULL, NULL, NULL)
GO
INSERT [dbo].[tbl_JDetail] ([JDetailID], [JEntryID], [AccountID], [Dr], [Cr], [AddOn], [Memo], [Detail], [EntryTypeID], [UserReferenceID], [OrderID], [isVendorPaid]) VALUES (1044, 1018, 1009, CAST(40.00 AS Decimal(9, 2)), CAST(0.00 AS Decimal(9, 2)), CAST(N'2019-01-12 02:39:00' AS SmallDateTime), NULL, N'OrderNO: 2008', NULL, NULL, NULL, NULL)
GO
INSERT [dbo].[tbl_JDetail] ([JDetailID], [JEntryID], [AccountID], [Dr], [Cr], [AddOn], [Memo], [Detail], [EntryTypeID], [UserReferenceID], [OrderID], [isVendorPaid]) VALUES (1045, 1018, 7, CAST(0.00 AS Decimal(9, 2)), CAST(40.00 AS Decimal(9, 2)), CAST(N'2019-01-12 02:39:00' AS SmallDateTime), NULL, N'OrderNO: 2008', NULL, NULL, NULL, NULL)
GO
INSERT [dbo].[tbl_JDetail] ([JDetailID], [JEntryID], [AccountID], [Dr], [Cr], [AddOn], [Memo], [Detail], [EntryTypeID], [UserReferenceID], [OrderID], [isVendorPaid]) VALUES (1046, 1019, 1009, CAST(60.00 AS Decimal(9, 2)), CAST(0.00 AS Decimal(9, 2)), CAST(N'2019-01-12 02:49:00' AS SmallDateTime), NULL, N'OrderNO: 2009', NULL, NULL, NULL, NULL)
GO
INSERT [dbo].[tbl_JDetail] ([JDetailID], [JEntryID], [AccountID], [Dr], [Cr], [AddOn], [Memo], [Detail], [EntryTypeID], [UserReferenceID], [OrderID], [isVendorPaid]) VALUES (1047, 1019, 7, CAST(0.00 AS Decimal(9, 2)), CAST(60.00 AS Decimal(9, 2)), CAST(N'2019-01-12 02:49:00' AS SmallDateTime), NULL, N'OrderNO: 2009', NULL, NULL, NULL, NULL)
GO
INSERT [dbo].[tbl_JDetail] ([JDetailID], [JEntryID], [AccountID], [Dr], [Cr], [AddOn], [Memo], [Detail], [EntryTypeID], [UserReferenceID], [OrderID], [isVendorPaid]) VALUES (1048, 1020, 4, CAST(10.00 AS Decimal(9, 2)), CAST(0.00 AS Decimal(9, 2)), CAST(N'2019-01-12 02:52:00' AS SmallDateTime), NULL, N'Sales Return ReturnID: 2', NULL, NULL, NULL, NULL)
GO
INSERT [dbo].[tbl_JDetail] ([JDetailID], [JEntryID], [AccountID], [Dr], [Cr], [AddOn], [Memo], [Detail], [EntryTypeID], [UserReferenceID], [OrderID], [isVendorPaid]) VALUES (1049, 1020, 1009, CAST(0.00 AS Decimal(9, 2)), CAST(10.00 AS Decimal(9, 2)), CAST(N'2019-01-12 02:52:00' AS SmallDateTime), NULL, N'Sales Return for Invoice No: 2008', NULL, NULL, NULL, 1)
GO
INSERT [dbo].[tbl_JDetail] ([JDetailID], [JEntryID], [AccountID], [Dr], [Cr], [AddOn], [Memo], [Detail], [EntryTypeID], [UserReferenceID], [OrderID], [isVendorPaid]) VALUES (1050, 1021, 1009, CAST(10.00 AS Decimal(9, 2)), CAST(0.00 AS Decimal(9, 2)), CAST(N'2019-01-12 02:52:00' AS SmallDateTime), NULL, N'Paid Against Sales Return', NULL, NULL, NULL, 1)
GO
INSERT [dbo].[tbl_JDetail] ([JDetailID], [JEntryID], [AccountID], [Dr], [Cr], [AddOn], [Memo], [Detail], [EntryTypeID], [UserReferenceID], [OrderID], [isVendorPaid]) VALUES (1051, 1021, 1, CAST(0.00 AS Decimal(9, 2)), CAST(10.00 AS Decimal(9, 2)), CAST(N'2019-01-12 02:52:00' AS SmallDateTime), NULL, N'Paid Against Sales Return', 4, NULL, 2, NULL)
GO
INSERT [dbo].[tbl_JDetail] ([JDetailID], [JEntryID], [AccountID], [Dr], [Cr], [AddOn], [Memo], [Detail], [EntryTypeID], [UserReferenceID], [OrderID], [isVendorPaid]) VALUES (1052, 1022, 1001, CAST(459.90 AS Decimal(9, 2)), CAST(0.00 AS Decimal(9, 2)), CAST(N'2019-01-12 03:04:00' AS SmallDateTime), NULL, N'Paid for Invoice No: 2002,', 1, NULL, NULL, NULL)
GO
INSERT [dbo].[tbl_JDetail] ([JDetailID], [JEntryID], [AccountID], [Dr], [Cr], [AddOn], [Memo], [Detail], [EntryTypeID], [UserReferenceID], [OrderID], [isVendorPaid]) VALUES (1053, 1022, 2, CAST(0.00 AS Decimal(9, 2)), CAST(459.90 AS Decimal(9, 2)), CAST(N'2019-01-12 03:04:00' AS SmallDateTime), NULL, N'Paid for Invoice No: 2002,', NULL, NULL, NULL, NULL)
GO
INSERT [dbo].[tbl_JDetail] ([JDetailID], [JEntryID], [AccountID], [Dr], [Cr], [AddOn], [Memo], [Detail], [EntryTypeID], [UserReferenceID], [OrderID], [isVendorPaid]) VALUES (1054, 1023, 1, CAST(40.00 AS Decimal(9, 2)), CAST(0.00 AS Decimal(9, 2)), CAST(N'2019-01-12 03:06:00' AS SmallDateTime), NULL, N'Received for PO No: 2008,', NULL, NULL, NULL, NULL)
GO
INSERT [dbo].[tbl_JDetail] ([JDetailID], [JEntryID], [AccountID], [Dr], [Cr], [AddOn], [Memo], [Detail], [EntryTypeID], [UserReferenceID], [OrderID], [isVendorPaid]) VALUES (1055, 1023, 1009, CAST(0.00 AS Decimal(9, 2)), CAST(40.00 AS Decimal(9, 2)), CAST(N'2019-01-12 03:06:00' AS SmallDateTime), NULL, N'Received for PO No: 2008,', 2, NULL, NULL, NULL)
GO
INSERT [dbo].[tbl_JDetail] ([JDetailID], [JEntryID], [AccountID], [Dr], [Cr], [AddOn], [Memo], [Detail], [EntryTypeID], [UserReferenceID], [OrderID], [isVendorPaid]) VALUES (1056, 1024, 2, CAST(40.00 AS Decimal(9, 2)), CAST(0.00 AS Decimal(9, 2)), CAST(N'2019-01-13 02:33:00' AS SmallDateTime), NULL, N'Received for PO No: 2009,', NULL, NULL, NULL, NULL)
GO
INSERT [dbo].[tbl_JDetail] ([JDetailID], [JEntryID], [AccountID], [Dr], [Cr], [AddOn], [Memo], [Detail], [EntryTypeID], [UserReferenceID], [OrderID], [isVendorPaid]) VALUES (1057, 1024, 1009, CAST(0.00 AS Decimal(9, 2)), CAST(40.00 AS Decimal(9, 2)), CAST(N'2019-01-13 02:33:00' AS SmallDateTime), NULL, N'Received for PO No: 2009,', 2, NULL, NULL, NULL)
GO
INSERT [dbo].[tbl_JDetail] ([JDetailID], [JEntryID], [AccountID], [Dr], [Cr], [AddOn], [Memo], [Detail], [EntryTypeID], [UserReferenceID], [OrderID], [isVendorPaid]) VALUES (1058, 1025, 1008, CAST(113.82 AS Decimal(9, 2)), CAST(0.00 AS Decimal(9, 2)), CAST(N'2019-01-13 02:35:00' AS SmallDateTime), NULL, N'Purchase Return for Invoice No: 2004', NULL, NULL, NULL, NULL)
GO
INSERT [dbo].[tbl_JDetail] ([JDetailID], [JEntryID], [AccountID], [Dr], [Cr], [AddOn], [Memo], [Detail], [EntryTypeID], [UserReferenceID], [OrderID], [isVendorPaid]) VALUES (1059, 1025, 3, CAST(0.00 AS Decimal(9, 2)), CAST(108.40 AS Decimal(9, 2)), CAST(N'2019-01-13 02:35:00' AS SmallDateTime), NULL, N'Purchase Return ReturnID: 4', NULL, NULL, NULL, NULL)
GO
INSERT [dbo].[tbl_JDetail] ([JDetailID], [JEntryID], [AccountID], [Dr], [Cr], [AddOn], [Memo], [Detail], [EntryTypeID], [UserReferenceID], [OrderID], [isVendorPaid]) VALUES (1060, 1025, 6, CAST(0.00 AS Decimal(9, 2)), CAST(5.42 AS Decimal(9, 2)), CAST(N'2019-01-13 02:35:00' AS SmallDateTime), NULL, N'Purchase Return ReturnID: 4', NULL, NULL, NULL, NULL)
GO
INSERT [dbo].[tbl_JDetail] ([JDetailID], [JEntryID], [AccountID], [Dr], [Cr], [AddOn], [Memo], [Detail], [EntryTypeID], [UserReferenceID], [OrderID], [isVendorPaid]) VALUES (1061, 1026, 3, CAST(489.62 AS Decimal(9, 2)), CAST(0.00 AS Decimal(9, 2)), CAST(N'2019-01-13 08:35:00' AS SmallDateTime), NULL, NULL, NULL, NULL, NULL, NULL)
GO
INSERT [dbo].[tbl_JDetail] ([JDetailID], [JEntryID], [AccountID], [Dr], [Cr], [AddOn], [Memo], [Detail], [EntryTypeID], [UserReferenceID], [OrderID], [isVendorPaid]) VALUES (1062, 1026, 6, CAST(24.48 AS Decimal(9, 2)), CAST(0.00 AS Decimal(9, 2)), CAST(N'2019-01-13 08:35:00' AS SmallDateTime), NULL, NULL, NULL, NULL, NULL, NULL)
GO
INSERT [dbo].[tbl_JDetail] ([JDetailID], [JEntryID], [AccountID], [Dr], [Cr], [AddOn], [Memo], [Detail], [EntryTypeID], [UserReferenceID], [OrderID], [isVendorPaid]) VALUES (1063, 1026, 1002, CAST(0.00 AS Decimal(9, 2)), CAST(514.10 AS Decimal(9, 2)), CAST(N'2019-01-13 08:35:00' AS SmallDateTime), NULL, N'Invoice NO: 2006', NULL, NULL, NULL, NULL)
GO
SET IDENTITY_INSERT [dbo].[tbl_JDetail] OFF
GO

SET IDENTITY_INSERT [dbo].[tbl_Group] ON 

GO
INSERT [dbo].[tbl_Group] ([GroupID], [GroupName], [Description], [isActive], [AddOn], [Addby], [UpdateOn], [UpdateBy], [DeleteOn], [DeleteBy], [IsDeleted]) VALUES (1, N'engine parts', NULL, 1, CAST(N'2018-11-29 00:00:00' AS SmallDateTime), NULL, NULL, NULL, NULL, NULL, 0)
GO
INSERT [dbo].[tbl_Group] ([GroupID], [GroupName], [Description], [isActive], [AddOn], [Addby], [UpdateOn], [UpdateBy], [DeleteOn], [DeleteBy], [IsDeleted]) VALUES (4, N'general parts', NULL, 1, CAST(N'2018-11-29 00:00:00' AS SmallDateTime), NULL, NULL, NULL, NULL, NULL, 0)
GO
INSERT [dbo].[tbl_Group] ([GroupID], [GroupName], [Description], [isActive], [AddOn], [Addby], [UpdateOn], [UpdateBy], [DeleteOn], [DeleteBy], [IsDeleted]) VALUES (1001, N'gear parts', NULL, 1, CAST(N'2018-12-24 00:00:00' AS SmallDateTime), NULL, NULL, NULL, NULL, NULL, 0)
GO
INSERT [dbo].[tbl_Group] ([GroupID], [GroupName], [Description], [isActive], [AddOn], [Addby], [UpdateOn], [UpdateBy], [DeleteOn], [DeleteBy], [IsDeleted]) VALUES (1002, N'clutch parts', NULL, 1, CAST(N'2018-12-24 00:00:00' AS SmallDateTime), NULL, NULL, NULL, NULL, NULL, 0)
GO
INSERT [dbo].[tbl_Group] ([GroupID], [GroupName], [Description], [isActive], [AddOn], [Addby], [UpdateOn], [UpdateBy], [DeleteOn], [DeleteBy], [IsDeleted]) VALUES (1003, N'electric parts', NULL, 1, CAST(N'2018-12-24 00:00:00' AS SmallDateTime), NULL, NULL, NULL, NULL, NULL, 0)
GO
INSERT [dbo].[tbl_Group] ([GroupID], [GroupName], [Description], [isActive], [AddOn], [Addby], [UpdateOn], [UpdateBy], [DeleteOn], [DeleteBy], [IsDeleted]) VALUES (1004, N'maintanance ', N'oil and fuel filter', 1, CAST(N'2019-01-12 00:00:00' AS SmallDateTime), NULL, NULL, NULL, NULL, NULL, 0)
GO
INSERT [dbo].[tbl_Group] ([GroupID], [GroupName], [Description], [isActive], [AddOn], [Addby], [UpdateOn], [UpdateBy], [DeleteOn], [DeleteBy], [IsDeleted]) VALUES (1005, N'FH12', N'VOLVO', NULL, CAST(N'2019-01-13 08:32:00' AS SmallDateTime), 1, NULL, NULL, NULL, NULL, NULL)
GO
SET IDENTITY_INSERT [dbo].[tbl_Group] OFF
GO
SET IDENTITY_INSERT [dbo].[tbl_VehicleCode] ON 

GO
INSERT [dbo].[tbl_VehicleCode] ([VehicleCodeID], [VehicleCode], [IsActive], [AddOn], [Addby], [UpdateOn], [UpdateBy], [DeleteOn], [DeleteBy], [IsDeleted]) VALUES (1, N'B', NULL, NULL, NULL, NULL, NULL, NULL, NULL, NULL)
GO
INSERT [dbo].[tbl_VehicleCode] ([VehicleCodeID], [VehicleCode], [IsActive], [AddOn], [Addby], [UpdateOn], [UpdateBy], [DeleteOn], [DeleteBy], [IsDeleted]) VALUES (2, N'E', NULL, NULL, NULL, NULL, NULL, NULL, NULL, NULL)
GO
INSERT [dbo].[tbl_VehicleCode] ([VehicleCodeID], [VehicleCode], [IsActive], [AddOn], [Addby], [UpdateOn], [UpdateBy], [DeleteOn], [DeleteBy], [IsDeleted]) VALUES (3, N'F', NULL, NULL, NULL, NULL, NULL, NULL, NULL, NULL)
GO
INSERT [dbo].[tbl_VehicleCode] ([VehicleCodeID], [VehicleCode], [IsActive], [AddOn], [Addby], [UpdateOn], [UpdateBy], [DeleteOn], [DeleteBy], [IsDeleted]) VALUES (5, N'D', NULL, NULL, NULL, NULL, NULL, NULL, NULL, NULL)
GO
INSERT [dbo].[tbl_VehicleCode] ([VehicleCodeID], [VehicleCode], [IsActive], [AddOn], [Addby], [UpdateOn], [UpdateBy], [DeleteOn], [DeleteBy], [IsDeleted]) VALUES (6, N'A', 1, CAST(N'2018-12-03 00:00:00' AS SmallDateTime), NULL, NULL, NULL, NULL, NULL, 0)
GO
INSERT [dbo].[tbl_VehicleCode] ([VehicleCodeID], [VehicleCode], [IsActive], [AddOn], [Addby], [UpdateOn], [UpdateBy], [DeleteOn], [DeleteBy], [IsDeleted]) VALUES (7, N'C', NULL, NULL, NULL, NULL, NULL, NULL, NULL, NULL)
GO
INSERT [dbo].[tbl_VehicleCode] ([VehicleCodeID], [VehicleCode], [IsActive], [AddOn], [Addby], [UpdateOn], [UpdateBy], [DeleteOn], [DeleteBy], [IsDeleted]) VALUES (8, N'G', 1, CAST(N'2018-12-18 00:00:00' AS SmallDateTime), NULL, NULL, NULL, NULL, NULL, 0)
GO
INSERT [dbo].[tbl_VehicleCode] ([VehicleCodeID], [VehicleCode], [IsActive], [AddOn], [Addby], [UpdateOn], [UpdateBy], [DeleteOn], [DeleteBy], [IsDeleted]) VALUES (9, N'H', 1, CAST(N'2018-12-18 00:00:00' AS SmallDateTime), NULL, NULL, NULL, NULL, NULL, 0)
GO
INSERT [dbo].[tbl_VehicleCode] ([VehicleCodeID], [VehicleCode], [IsActive], [AddOn], [Addby], [UpdateOn], [UpdateBy], [DeleteOn], [DeleteBy], [IsDeleted]) VALUES (10, N'I', 1, CAST(N'2018-12-18 00:00:00' AS SmallDateTime), NULL, NULL, NULL, NULL, NULL, 0)
GO
INSERT [dbo].[tbl_VehicleCode] ([VehicleCodeID], [VehicleCode], [IsActive], [AddOn], [Addby], [UpdateOn], [UpdateBy], [DeleteOn], [DeleteBy], [IsDeleted]) VALUES (11, N'J', 1, CAST(N'2018-12-18 00:00:00' AS SmallDateTime), NULL, NULL, NULL, NULL, NULL, 0)
GO
INSERT [dbo].[tbl_VehicleCode] ([VehicleCodeID], [VehicleCode], [IsActive], [AddOn], [Addby], [UpdateOn], [UpdateBy], [DeleteOn], [DeleteBy], [IsDeleted]) VALUES (12, N'K', 1, CAST(N'2018-12-18 00:00:00' AS SmallDateTime), NULL, NULL, NULL, NULL, NULL, 0)
GO
INSERT [dbo].[tbl_VehicleCode] ([VehicleCodeID], [VehicleCode], [IsActive], [AddOn], [Addby], [UpdateOn], [UpdateBy], [DeleteOn], [DeleteBy], [IsDeleted]) VALUES (13, N'L', 1, CAST(N'2018-12-18 00:00:00' AS SmallDateTime), NULL, NULL, NULL, NULL, NULL, 0)
GO
INSERT [dbo].[tbl_VehicleCode] ([VehicleCodeID], [VehicleCode], [IsActive], [AddOn], [Addby], [UpdateOn], [UpdateBy], [DeleteOn], [DeleteBy], [IsDeleted]) VALUES (14, N'M', 1, CAST(N'2018-12-18 00:00:00' AS SmallDateTime), NULL, NULL, NULL, NULL, NULL, 0)
GO
INSERT [dbo].[tbl_VehicleCode] ([VehicleCodeID], [VehicleCode], [IsActive], [AddOn], [Addby], [UpdateOn], [UpdateBy], [DeleteOn], [DeleteBy], [IsDeleted]) VALUES (15, N'N', 1, CAST(N'2018-12-18 00:00:00' AS SmallDateTime), NULL, NULL, NULL, NULL, NULL, 0)
GO
INSERT [dbo].[tbl_VehicleCode] ([VehicleCodeID], [VehicleCode], [IsActive], [AddOn], [Addby], [UpdateOn], [UpdateBy], [DeleteOn], [DeleteBy], [IsDeleted]) VALUES (16, N'O', 1, CAST(N'2018-12-18 00:00:00' AS SmallDateTime), NULL, NULL, NULL, NULL, NULL, 0)
GO
INSERT [dbo].[tbl_VehicleCode] ([VehicleCodeID], [VehicleCode], [IsActive], [AddOn], [Addby], [UpdateOn], [UpdateBy], [DeleteOn], [DeleteBy], [IsDeleted]) VALUES (17, N'P', 1, CAST(N'2018-12-18 00:00:00' AS SmallDateTime), NULL, NULL, NULL, NULL, NULL, 0)
GO
INSERT [dbo].[tbl_VehicleCode] ([VehicleCodeID], [VehicleCode], [IsActive], [AddOn], [Addby], [UpdateOn], [UpdateBy], [DeleteOn], [DeleteBy], [IsDeleted]) VALUES (18, N'Q', 1, CAST(N'2018-12-18 00:00:00' AS SmallDateTime), NULL, NULL, NULL, NULL, NULL, 0)
GO
INSERT [dbo].[tbl_VehicleCode] ([VehicleCodeID], [VehicleCode], [IsActive], [AddOn], [Addby], [UpdateOn], [UpdateBy], [DeleteOn], [DeleteBy], [IsDeleted]) VALUES (19, N'R', 1, CAST(N'2018-12-18 00:00:00' AS SmallDateTime), NULL, NULL, NULL, NULL, NULL, 0)
GO
INSERT [dbo].[tbl_VehicleCode] ([VehicleCodeID], [VehicleCode], [IsActive], [AddOn], [Addby], [UpdateOn], [UpdateBy], [DeleteOn], [DeleteBy], [IsDeleted]) VALUES (20, N'S', 1, CAST(N'2018-12-18 00:00:00' AS SmallDateTime), NULL, NULL, NULL, NULL, NULL, 0)
GO
INSERT [dbo].[tbl_VehicleCode] ([VehicleCodeID], [VehicleCode], [IsActive], [AddOn], [Addby], [UpdateOn], [UpdateBy], [DeleteOn], [DeleteBy], [IsDeleted]) VALUES (21, N'T', 1, CAST(N'2018-12-18 00:00:00' AS SmallDateTime), NULL, NULL, NULL, NULL, NULL, 0)
GO
INSERT [dbo].[tbl_VehicleCode] ([VehicleCodeID], [VehicleCode], [IsActive], [AddOn], [Addby], [UpdateOn], [UpdateBy], [DeleteOn], [DeleteBy], [IsDeleted]) VALUES (22, N'U', 1, CAST(N'2018-12-18 00:00:00' AS SmallDateTime), NULL, NULL, NULL, NULL, NULL, 0)
GO
INSERT [dbo].[tbl_VehicleCode] ([VehicleCodeID], [VehicleCode], [IsActive], [AddOn], [Addby], [UpdateOn], [UpdateBy], [DeleteOn], [DeleteBy], [IsDeleted]) VALUES (23, N'V', 1, CAST(N'2018-12-18 00:00:00' AS SmallDateTime), NULL, NULL, NULL, NULL, NULL, 0)
GO
INSERT [dbo].[tbl_VehicleCode] ([VehicleCodeID], [VehicleCode], [IsActive], [AddOn], [Addby], [UpdateOn], [UpdateBy], [DeleteOn], [DeleteBy], [IsDeleted]) VALUES (24, N'W', 1, CAST(N'2018-12-18 00:00:00' AS SmallDateTime), NULL, NULL, NULL, NULL, NULL, 0)
GO
INSERT [dbo].[tbl_VehicleCode] ([VehicleCodeID], [VehicleCode], [IsActive], [AddOn], [Addby], [UpdateOn], [UpdateBy], [DeleteOn], [DeleteBy], [IsDeleted]) VALUES (25, N'X', 1, CAST(N'2018-12-18 00:00:00' AS SmallDateTime), NULL, NULL, NULL, NULL, NULL, 0)
GO
INSERT [dbo].[tbl_VehicleCode] ([VehicleCodeID], [VehicleCode], [IsActive], [AddOn], [Addby], [UpdateOn], [UpdateBy], [DeleteOn], [DeleteBy], [IsDeleted]) VALUES (26, N'Y', 1, CAST(N'2018-12-18 00:00:00' AS SmallDateTime), NULL, NULL, NULL, NULL, NULL, 0)
GO
INSERT [dbo].[tbl_VehicleCode] ([VehicleCodeID], [VehicleCode], [IsActive], [AddOn], [Addby], [UpdateOn], [UpdateBy], [DeleteOn], [DeleteBy], [IsDeleted]) VALUES (27, N'Z', 1, CAST(N'2018-12-18 00:00:00' AS SmallDateTime), NULL, NULL, NULL, NULL, NULL, 0)
GO
SET IDENTITY_INSERT [dbo].[tbl_VehicleCode] OFF
GO
SET IDENTITY_INSERT [dbo].[tbl_VehicleModel] ON 

GO
INSERT [dbo].[tbl_VehicleModel] ([VehicleID], [VehicleName], [Description], [IsActive], [AddOn], [Addby], [UpdateOn], [UpdateBy], [DeleteOn], [DeleteBy], [IsDeleted]) VALUES (7, N'volvo f12', NULL, 1, CAST(N'2018-12-05 00:00:00' AS SmallDateTime), 1, NULL, NULL, NULL, NULL, 0)
GO
INSERT [dbo].[tbl_VehicleModel] ([VehicleID], [VehicleName], [Description], [IsActive], [AddOn], [Addby], [UpdateOn], [UpdateBy], [DeleteOn], [DeleteBy], [IsDeleted]) VALUES (8, N'hino zy', NULL, 1, CAST(N'2019-01-12 00:00:00' AS SmallDateTime), 1, NULL, NULL, NULL, NULL, 0)
GO
SET IDENTITY_INSERT [dbo].[tbl_VehicleModel] OFF
GO
SET IDENTITY_INSERT [dbo].[tbl_Product] ON 

GO
INSERT [dbo].[tbl_Product] ([ProductID], [PartNo], [Description], [SubstituteNo], [VehicleModelID], [GroupID], [VehicleCodeID], [UnitCode], [SaleRate], [Location], [isActive], [AddOn], [Addby], [UpdateOn], [UpdateBy], [DeleteOn], [DeleteBy]) VALUES (3, N'000 989 0825 00', N'COOLANT', NULL, NULL, 4, 1, N'PCS', NULL, N'14.B', NULL, NULL, NULL, NULL, NULL, NULL, NULL)
GO
INSERT [dbo].[tbl_Product] ([ProductID], [PartNo], [Description], [SubstituteNo], [VehicleModelID], [GroupID], [VehicleCodeID], [UnitCode], [SaleRate], [Location], [isActive], [AddOn], [Addby], [UpdateOn], [UpdateBy], [DeleteOn], [DeleteBy]) VALUES (4, N'0051498123654', N'test', NULL, NULL, 1, 2, NULL, NULL, NULL, NULL, CAST(N'2018-12-03 00:00:00' AS SmallDateTime), 1, CAST(N'2018-12-05 00:00:00' AS SmallDateTime), NULL, NULL, NULL)
GO
INSERT [dbo].[tbl_Product] ([ProductID], [PartNo], [Description], [SubstituteNo], [VehicleModelID], [GroupID], [VehicleCodeID], [UnitCode], [SaleRate], [Location], [isActive], [AddOn], [Addby], [UpdateOn], [UpdateBy], [DeleteOn], [DeleteBy]) VALUES (5, N'005149845612', NULL, NULL, 7, 1, 3, NULL, NULL, NULL, NULL, CAST(N'2018-12-03 00:00:00' AS SmallDateTime), 1, CAST(N'2018-12-05 00:00:00' AS SmallDateTime), NULL, NULL, NULL)
GO
INSERT [dbo].[tbl_Product] ([ProductID], [PartNo], [Description], [SubstituteNo], [VehicleModelID], [GroupID], [VehicleCodeID], [UnitCode], [SaleRate], [Location], [isActive], [AddOn], [Addby], [UpdateOn], [UpdateBy], [DeleteOn], [DeleteBy]) VALUES (7, N'009998219 89', N'Gear Box', N'7882', 7, 4, 2, N'Single', NULL, N'Karachi Main', 1, CAST(N'2018-12-06 00:00:00' AS SmallDateTime), 1, NULL, NULL, NULL, NULL)
GO
INSERT [dbo].[tbl_Product] ([ProductID], [PartNo], [Description], [SubstituteNo], [VehicleModelID], [GroupID], [VehicleCodeID], [UnitCode], [SaleRate], [Location], [isActive], [AddOn], [Addby], [UpdateOn], [UpdateBy], [DeleteOn], [DeleteBy]) VALUES (1008, N'002 437 236 GH', N'CLUTCH PLATE 45X350', NULL, NULL, NULL, 6, NULL, NULL, NULL, 1, CAST(N'2018-12-18 00:00:00' AS SmallDateTime), 1, NULL, NULL, NULL, NULL)
GO
INSERT [dbo].[tbl_Product] ([ProductID], [PartNo], [Description], [SubstituteNo], [VehicleModelID], [GroupID], [VehicleCodeID], [UnitCode], [SaleRate], [Location], [isActive], [AddOn], [Addby], [UpdateOn], [UpdateBy], [DeleteOn], [DeleteBy]) VALUES (1009, N'1861 861 032 KM', N'C.PLATE', NULL, NULL, NULL, 6, NULL, NULL, NULL, 1, CAST(N'2018-12-18 00:00:00' AS SmallDateTime), 1, NULL, NULL, NULL, NULL)
GO
INSERT [dbo].[tbl_Product] ([ProductID], [PartNo], [Description], [SubstituteNo], [VehicleModelID], [GroupID], [VehicleCodeID], [UnitCode], [SaleRate], [Location], [isActive], [AddOn], [Addby], [UpdateOn], [UpdateBy], [DeleteOn], [DeleteBy]) VALUES (1010, N'000 053 3558 01', N'ACTROS VALVE STEAM SEAL', NULL, NULL, NULL, 1, NULL, CAST(0.31 AS Decimal(10, 2)), N'53-b', NULL, CAST(N'2018-12-18 00:00:00' AS SmallDateTime), 1, CAST(N'2019-01-12 00:00:00' AS SmallDateTime), NULL, NULL, NULL)
GO
INSERT [dbo].[tbl_Product] ([ProductID], [PartNo], [Description], [SubstituteNo], [VehicleModelID], [GroupID], [VehicleCodeID], [UnitCode], [SaleRate], [Location], [isActive], [AddOn], [Addby], [UpdateOn], [UpdateBy], [DeleteOn], [DeleteBy]) VALUES (1011, N'000 090 0751S 01', N'PUMP KIT', NULL, NULL, NULL, 1, NULL, CAST(1.53 AS Decimal(10, 2)), N'58E', 1, CAST(N'2018-12-18 00:00:00' AS SmallDateTime), 1, NULL, NULL, NULL, NULL)
GO
INSERT [dbo].[tbl_Product] ([ProductID], [PartNo], [Description], [SubstituteNo], [VehicleModelID], [GroupID], [VehicleCodeID], [UnitCode], [SaleRate], [Location], [isActive], [AddOn], [Addby], [UpdateOn], [UpdateBy], [DeleteOn], [DeleteBy]) VALUES (1012, N'000 130 2619 01', N'A/C HEAD ASSEMBLY L P', NULL, NULL, NULL, 1, NULL, CAST(17.89 AS Decimal(10, 2)), N'44-A', 1, CAST(N'2018-12-18 00:00:00' AS SmallDateTime), 1, NULL, NULL, NULL, NULL)
GO
INSERT [dbo].[tbl_Product] ([ProductID], [PartNo], [Description], [SubstituteNo], [VehicleModelID], [GroupID], [VehicleCodeID], [UnitCode], [SaleRate], [Location], [isActive], [AddOn], [Addby], [UpdateOn], [UpdateBy], [DeleteOn], [DeleteBy]) VALUES (1013, N'000 152 3410 01', N'SOLENOID SWITCH', NULL, NULL, NULL, 1, NULL, CAST(8.31 AS Decimal(10, 2)), N'68-D', 1, CAST(N'2018-12-18 00:00:00' AS SmallDateTime), 1, NULL, NULL, NULL, NULL)
GO
INSERT [dbo].[tbl_Product] ([ProductID], [PartNo], [Description], [SubstituteNo], [VehicleModelID], [GroupID], [VehicleCodeID], [UnitCode], [SaleRate], [Location], [isActive], [AddOn], [Addby], [UpdateOn], [UpdateBy], [DeleteOn], [DeleteBy]) VALUES (1014, N'34.92X106.5 02', N'CROSS 12.3610', NULL, NULL, NULL, 7, NULL, CAST(5.26 AS Decimal(10, 2)), N'31E', 1, CAST(N'2018-12-18 00:00:00' AS SmallDateTime), 1, NULL, NULL, NULL, NULL)
GO
INSERT [dbo].[tbl_Product] ([ProductID], [PartNo], [Description], [SubstituteNo], [VehicleModelID], [GroupID], [VehicleCodeID], [UnitCode], [SaleRate], [Location], [isActive], [AddOn], [Addby], [UpdateOn], [UpdateBy], [DeleteOn], [DeleteBy]) VALUES (1015, N'49.2X154.9 FAJ', N'CROSS', NULL, NULL, NULL, 7, NULL, CAST(8.42 AS Decimal(10, 2)), N'31-H', 1, CAST(N'2018-12-18 00:00:00' AS SmallDateTime), 1, NULL, NULL, NULL, NULL)
GO
INSERT [dbo].[tbl_Product] ([ProductID], [PartNo], [Description], [SubstituteNo], [VehicleModelID], [GroupID], [VehicleCodeID], [UnitCode], [SaleRate], [Location], [isActive], [AddOn], [Addby], [UpdateOn], [UpdateBy], [DeleteOn], [DeleteBy]) VALUES (1016, N'49.2X154.9 OPT', N'UNIVERSAL JOINT', NULL, NULL, NULL, 7, NULL, CAST(13.89 AS Decimal(10, 2)), NULL, 1, CAST(N'2018-12-18 00:00:00' AS SmallDateTime), 1, NULL, NULL, NULL, NULL)
GO
INSERT [dbo].[tbl_Product] ([ProductID], [PartNo], [Description], [SubstituteNo], [VehicleModelID], [GroupID], [VehicleCodeID], [UnitCode], [SaleRate], [Location], [isActive], [AddOn], [Addby], [UpdateOn], [UpdateBy], [DeleteOn], [DeleteBy]) VALUES (1017, N'4.30168 01', N'FITTING', NULL, NULL, NULL, 5, NULL, CAST(0.68 AS Decimal(10, 2)), N'C6-5', 1, CAST(N'2018-12-18 00:00:00' AS SmallDateTime), 1, NULL, NULL, NULL, NULL)
GO
INSERT [dbo].[tbl_Product] ([ProductID], [PartNo], [Description], [SubstituteNo], [VehicleModelID], [GroupID], [VehicleCodeID], [UnitCode], [SaleRate], [Location], [isActive], [AddOn], [Addby], [UpdateOn], [UpdateBy], [DeleteOn], [DeleteBy]) VALUES (1018, N'115X150X15 01', N'OIL SEAL', NULL, NULL, NULL, 5, NULL, CAST(2.23 AS Decimal(10, 2)), N'90-B', 1, CAST(N'2018-12-18 00:00:00' AS SmallDateTime), 1, NULL, NULL, NULL, NULL)
GO
INSERT [dbo].[tbl_Product] ([ProductID], [PartNo], [Description], [SubstituteNo], [VehicleModelID], [GroupID], [VehicleCodeID], [UnitCode], [SaleRate], [Location], [isActive], [AddOn], [Addby], [UpdateOn], [UpdateBy], [DeleteOn], [DeleteBy]) VALUES (1019, N'120X150X15 03', N'FR.OIL SEAL SUPER', NULL, NULL, NULL, 5, NULL, CAST(1.15 AS Decimal(10, 2)), N'90-B', 1, CAST(N'2018-12-18 00:00:00' AS SmallDateTime), 1, NULL, NULL, NULL, NULL)
GO
INSERT [dbo].[tbl_Product] ([ProductID], [PartNo], [Description], [SubstituteNo], [VehicleModelID], [GroupID], [VehicleCodeID], [UnitCode], [SaleRate], [Location], [isActive], [AddOn], [Addby], [UpdateOn], [UpdateBy], [DeleteOn], [DeleteBy]) VALUES (1020, N'136X165X7.5/15.5 0', N'OIL SEAL', NULL, NULL, NULL, 2, NULL, CAST(1.05 AS Decimal(10, 2)), N'33-I', 1, CAST(N'2018-12-18 00:00:00' AS SmallDateTime), 1, NULL, NULL, NULL, NULL)
GO
INSERT [dbo].[tbl_Product] ([ProductID], [PartNo], [Description], [SubstituteNo], [VehicleModelID], [GroupID], [VehicleCodeID], [UnitCode], [SaleRate], [Location], [isActive], [AddOn], [Addby], [UpdateOn], [UpdateBy], [DeleteOn], [DeleteBy]) VALUES (1021, N'16015 FAJ', N'BEARING', NULL, NULL, NULL, 2, NULL, CAST(2.21 AS Decimal(10, 2)), N'81-D', 1, CAST(N'2018-12-18 00:00:00' AS SmallDateTime), 1, NULL, NULL, NULL, NULL)
GO
INSERT [dbo].[tbl_Product] ([ProductID], [PartNo], [Description], [SubstituteNo], [VehicleModelID], [GroupID], [VehicleCodeID], [UnitCode], [SaleRate], [Location], [isActive], [AddOn], [Addby], [UpdateOn], [UpdateBy], [DeleteOn], [DeleteBy]) VALUES (1022, N'16017 01', N'BEARING', NULL, NULL, NULL, 3, NULL, CAST(11.57 AS Decimal(10, 2)), N'79A', 1, CAST(N'2018-12-18 00:00:00' AS SmallDateTime), 1, NULL, NULL, NULL, NULL)
GO
INSERT [dbo].[tbl_Product] ([ProductID], [PartNo], [Description], [SubstituteNo], [VehicleModelID], [GroupID], [VehicleCodeID], [UnitCode], [SaleRate], [Location], [isActive], [AddOn], [Addby], [UpdateOn], [UpdateBy], [DeleteOn], [DeleteBy]) VALUES (1023, N'KG-726 01', N'OIL SWITCH MITSUBISHI', NULL, NULL, NULL, 8, NULL, CAST(5.78 AS Decimal(10, 2)), N'62-G', 1, CAST(N'2018-12-18 00:00:00' AS SmallDateTime), 1, NULL, NULL, NULL, NULL)
GO
INSERT [dbo].[tbl_Product] ([ProductID], [PartNo], [Description], [SubstituteNo], [VehicleModelID], [GroupID], [VehicleCodeID], [UnitCode], [SaleRate], [Location], [isActive], [AddOn], [Addby], [UpdateOn], [UpdateBy], [DeleteOn], [DeleteBy]) VALUES (1024, N'KG-828 01', N'OIL SWITCH MITSUBISHI', NULL, NULL, NULL, 8, NULL, CAST(5.74 AS Decimal(10, 2)), N'62-G', 1, CAST(N'2018-12-18 00:00:00' AS SmallDateTime), 1, NULL, NULL, NULL, NULL)
GO
INSERT [dbo].[tbl_Product] ([ProductID], [PartNo], [Description], [SubstituteNo], [VehicleModelID], [GroupID], [VehicleCodeID], [UnitCode], [SaleRate], [Location], [isActive], [AddOn], [Addby], [UpdateOn], [UpdateBy], [DeleteOn], [DeleteBy]) VALUES (1025, N'KTK 11788 KTK', N'AIR COMP PISTON 075', NULL, NULL, NULL, 8, NULL, CAST(8.31 AS Decimal(10, 2)), N'34-C', 1, CAST(N'2018-12-18 00:00:00' AS SmallDateTime), 1, NULL, NULL, NULL, NULL)
GO
INSERT [dbo].[tbl_Product] ([ProductID], [PartNo], [Description], [SubstituteNo], [VehicleModelID], [GroupID], [VehicleCodeID], [UnitCode], [SaleRate], [Location], [isActive], [AddOn], [Addby], [UpdateOn], [UpdateBy], [DeleteOn], [DeleteBy]) VALUES (1026, N'04016 1004 00', N'REPAIR KIT', NULL, NULL, NULL, 9, NULL, CAST(14.73 AS Decimal(10, 2)), N'62C', 1, CAST(N'2018-12-18 00:00:00' AS SmallDateTime), 1, NULL, NULL, NULL, NULL)
GO
INSERT [dbo].[tbl_Product] ([ProductID], [PartNo], [Description], [SubstituteNo], [VehicleModelID], [GroupID], [VehicleCodeID], [UnitCode], [SaleRate], [Location], [isActive], [AddOn], [Addby], [UpdateOn], [UpdateBy], [DeleteOn], [DeleteBy]) VALUES (1027, N'11115 1142 01', N'HEAD GASKET EB400', NULL, NULL, NULL, 9, NULL, CAST(6.31 AS Decimal(10, 2)), N'60B', 1, CAST(N'2018-12-18 00:00:00' AS SmallDateTime), 1, NULL, NULL, NULL, NULL)
GO
INSERT [dbo].[tbl_Product] ([ProductID], [PartNo], [Description], [SubstituteNo], [VehicleModelID], [GroupID], [VehicleCodeID], [UnitCode], [SaleRate], [Location], [isActive], [AddOn], [Addby], [UpdateOn], [UpdateBy], [DeleteOn], [DeleteBy]) VALUES (1028, N'12035 1040 01', N'RE.ENG MOUNTING', NULL, NULL, NULL, 9, NULL, CAST(18.17 AS Decimal(10, 2)), N'61-J', 1, CAST(N'2018-12-18 00:00:00' AS SmallDateTime), 1, NULL, NULL, NULL, NULL)
GO
INSERT [dbo].[tbl_Product] ([ProductID], [PartNo], [Description], [SubstituteNo], [VehicleModelID], [GroupID], [VehicleCodeID], [UnitCode], [SaleRate], [Location], [isActive], [AddOn], [Addby], [UpdateOn], [UpdateBy], [DeleteOn], [DeleteBy]) VALUES (1029, N'G H821/5 050 01', N'MER.MAIN BEARING 402/422', NULL, NULL, NULL, 10, NULL, CAST(33.15 AS Decimal(10, 2)), N'92G', 1, CAST(N'2018-12-18 00:00:00' AS SmallDateTime), 1, NULL, NULL, NULL, NULL)
GO
INSERT [dbo].[tbl_Product] ([ProductID], [PartNo], [Description], [SubstituteNo], [VehicleModelID], [GroupID], [VehicleCodeID], [UnitCode], [SaleRate], [Location], [isActive], [AddOn], [Addby], [UpdateOn], [UpdateBy], [DeleteOn], [DeleteBy]) VALUES (1030, N'G H821/5 075 01', N'MER.MAIN BEARING 402/422', NULL, NULL, NULL, 10, N'  ', CAST(34.31 AS Decimal(10, 2)), N'207C', 1, CAST(N'2018-12-18 00:00:00' AS SmallDateTime), 1, NULL, NULL, NULL, NULL)
GO
INSERT [dbo].[tbl_Product] ([ProductID], [PartNo], [Description], [SubstituteNo], [VehicleModelID], [GroupID], [VehicleCodeID], [UnitCode], [SaleRate], [Location], [isActive], [AddOn], [Addby], [UpdateOn], [UpdateBy], [DeleteOn], [DeleteBy]) VALUES (1031, N'G N82/7 01S', N'COM.SHAFT BUSH SAMI', NULL, NULL, NULL, 10, NULL, CAST(16.78 AS Decimal(10, 2)), N'204B', 1, CAST(N'2018-12-18 00:00:00' AS SmallDateTime), 1, NULL, NULL, NULL, NULL)
GO
INSERT [dbo].[tbl_Product] ([ProductID], [PartNo], [Description], [SubstituteNo], [VehicleModelID], [GroupID], [VehicleCodeID], [UnitCode], [SaleRate], [Location], [isActive], [AddOn], [Addby], [UpdateOn], [UpdateBy], [DeleteOn], [DeleteBy]) VALUES (1032, N'88888 03', N'PRESSURE PLATE', NULL, NULL, NULL, 11, NULL, CAST(9.47 AS Decimal(10, 2)), N'56B', 1, CAST(N'2018-12-18 00:00:00' AS SmallDateTime), 1, NULL, NULL, NULL, NULL)
GO
INSERT [dbo].[tbl_Product] ([ProductID], [PartNo], [Description], [SubstituteNo], [VehicleModelID], [GroupID], [VehicleCodeID], [UnitCode], [SaleRate], [Location], [isActive], [AddOn], [Addby], [UpdateOn], [UpdateBy], [DeleteOn], [DeleteBy]) VALUES (1033, N'10X1050 03', NULL, NULL, NULL, NULL, 12, NULL, NULL, NULL, 1, CAST(N'2018-12-18 00:00:00' AS SmallDateTime), 1, NULL, NULL, NULL, NULL)
GO
INSERT [dbo].[tbl_Product] ([ProductID], [PartNo], [Description], [SubstituteNo], [VehicleModelID], [GroupID], [VehicleCodeID], [UnitCode], [SaleRate], [Location], [isActive], [AddOn], [Addby], [UpdateOn], [UpdateBy], [DeleteOn], [DeleteBy]) VALUES (1034, N'13X1025 03', N'V.BELT', NULL, NULL, NULL, 12, NULL, CAST(1.01 AS Decimal(10, 2)), N'UP', 1, CAST(N'2018-12-18 00:00:00' AS SmallDateTime), 1, NULL, NULL, NULL, NULL)
GO
INSERT [dbo].[tbl_Product] ([ProductID], [PartNo], [Description], [SubstituteNo], [VehicleModelID], [GroupID], [VehicleCodeID], [UnitCode], [SaleRate], [Location], [isActive], [AddOn], [Addby], [UpdateOn], [UpdateBy], [DeleteOn], [DeleteBy]) VALUES (1035, N'004 356 001 00', N'FLASHER W/RELAY 11/P', NULL, NULL, NULL, 13, NULL, CAST(12.56 AS Decimal(10, 2)), N'66-A', 1, CAST(N'2018-12-18 00:00:00' AS SmallDateTime), 1, NULL, NULL, NULL, NULL)
GO
INSERT [dbo].[tbl_Product] ([ProductID], [PartNo], [Description], [SubstituteNo], [VehicleModelID], [GroupID], [VehicleCodeID], [UnitCode], [SaleRate], [Location], [isActive], [AddOn], [Addby], [UpdateOn], [UpdateBy], [DeleteOn], [DeleteBy]) VALUES (1036, N'007 500 091 00', N'STOP LIGHT', NULL, NULL, NULL, 13, NULL, CAST(23.68 AS Decimal(10, 2)), N'68A/UP', 1, CAST(N'2018-12-18 00:00:00' AS SmallDateTime), 1, NULL, NULL, NULL, NULL)
GO
INSERT [dbo].[tbl_Product] ([ProductID], [PartNo], [Description], [SubstituteNo], [VehicleModelID], [GroupID], [VehicleCodeID], [UnitCode], [SaleRate], [Location], [isActive], [AddOn], [Addby], [UpdateOn], [UpdateBy], [DeleteOn], [DeleteBy]) VALUES (1037, N'81 32616 0007 MO', N'GEAR BOOT', NULL, NULL, NULL, 14, NULL, CAST(9.94 AS Decimal(10, 2)), N'54-C', 1, CAST(N'2018-12-18 00:00:00' AS SmallDateTime), 1, NULL, NULL, NULL, NULL)
GO
INSERT [dbo].[tbl_Product] ([ProductID], [PartNo], [Description], [SubstituteNo], [VehicleModelID], [GroupID], [VehicleCodeID], [UnitCode], [SaleRate], [Location], [isActive], [AddOn], [Addby], [UpdateOn], [UpdateBy], [DeleteOn], [DeleteBy]) VALUES (1038, N'81 41312 0081 460 03', N'U.BOLT RR MAN 460', NULL, NULL, NULL, 14, NULL, CAST(3.36 AS Decimal(10, 2)), N'UP', 1, CAST(N'2018-12-18 00:00:00' AS SmallDateTime), 1, NULL, NULL, NULL, NULL)
GO
INSERT [dbo].[tbl_Product] ([ProductID], [PartNo], [Description], [SubstituteNo], [VehicleModelID], [GroupID], [VehicleCodeID], [UnitCode], [SaleRate], [Location], [isActive], [AddOn], [Addby], [UpdateOn], [UpdateBy], [DeleteOn], [DeleteBy]) VALUES (1039, N'312 740 06 03', N'FR SPRING N/M NO6', NULL, NULL, NULL, 15, NULL, CAST(7.15 AS Decimal(10, 2)), N'BACKSIDE', 1, CAST(N'2018-12-18 00:00:00' AS SmallDateTime), 1, NULL, NULL, NULL, NULL)
GO
INSERT [dbo].[tbl_Product] ([ProductID], [PartNo], [Description], [SubstituteNo], [VehicleModelID], [GroupID], [VehicleCodeID], [UnitCode], [SaleRate], [Location], [isActive], [AddOn], [Addby], [UpdateOn], [UpdateBy], [DeleteOn], [DeleteBy]) VALUES (1040, N'312 740 08 03', N'FR SPRING N/M NO8', NULL, NULL, NULL, 15, NULL, CAST(6.16 AS Decimal(10, 2)), N'BACKSIDE', 1, CAST(N'2018-12-18 00:00:00' AS SmallDateTime), 1, NULL, NULL, NULL, NULL)
GO
INSERT [dbo].[tbl_Product] ([ProductID], [PartNo], [Description], [SubstituteNo], [VehicleModelID], [GroupID], [VehicleCodeID], [UnitCode], [SaleRate], [Location], [isActive], [AddOn], [Addby], [UpdateOn], [UpdateBy], [DeleteOn], [DeleteBy]) VALUES (1041, N'0001 416 002 01', N'S.STARTER 0031510701', NULL, NULL, NULL, 16, NULL, CAST(60.76 AS Decimal(10, 2)), N'49-OPEN', 1, CAST(N'2018-12-18 00:00:00' AS SmallDateTime), 1, NULL, NULL, NULL, NULL)
GO
INSERT [dbo].[tbl_Product] ([ProductID], [PartNo], [Description], [SubstituteNo], [VehicleModelID], [GroupID], [VehicleCodeID], [UnitCode], [SaleRate], [Location], [isActive], [AddOn], [Addby], [UpdateOn], [UpdateBy], [DeleteOn], [DeleteBy]) VALUES (1042, N'0120 468 037 04', N'DYNAMO ASSY V""', NULL, NULL, NULL, 16, NULL, CAST(29.84 AS Decimal(10, 2)), N'U33-B', 1, CAST(N'2018-12-18 00:00:00' AS SmallDateTime), 1, NULL, NULL, NULL, NULL)
GO
INSERT [dbo].[tbl_Product] ([ProductID], [PartNo], [Description], [SubstituteNo], [VehicleModelID], [GroupID], [VehicleCodeID], [UnitCode], [SaleRate], [Location], [isActive], [AddOn], [Addby], [UpdateOn], [UpdateBy], [DeleteOn], [DeleteBy]) VALUES (1043, N'42487812 00', N'CYLINDER KIT', NULL, NULL, NULL, 17, NULL, NULL, NULL, 1, CAST(N'2018-12-18 00:00:00' AS SmallDateTime), 1, NULL, NULL, NULL, NULL)
GO
INSERT [dbo].[tbl_Product] ([ProductID], [PartNo], [Description], [SubstituteNo], [VehicleModelID], [GroupID], [VehicleCodeID], [UnitCode], [SaleRate], [Location], [isActive], [AddOn], [Addby], [UpdateOn], [UpdateBy], [DeleteOn], [DeleteBy]) VALUES (1044, N'4460195 00', N'NUT', NULL, NULL, NULL, 17, NULL, NULL, NULL, 1, CAST(N'2018-12-18 00:00:00' AS SmallDateTime), 1, NULL, NULL, NULL, NULL)
GO
INSERT [dbo].[tbl_Product] ([ProductID], [PartNo], [Description], [SubstituteNo], [VehicleModelID], [GroupID], [VehicleCodeID], [UnitCode], [SaleRate], [Location], [isActive], [AddOn], [Addby], [UpdateOn], [UpdateBy], [DeleteOn], [DeleteBy]) VALUES (1045, N'4606783 00', N'PULLEY', NULL, NULL, NULL, 17, NULL, NULL, NULL, 1, CAST(N'2018-12-18 00:00:00' AS SmallDateTime), 1, NULL, NULL, NULL, NULL)
GO
INSERT [dbo].[tbl_Product] ([ProductID], [PartNo], [Description], [SubstituteNo], [VehicleModelID], [GroupID], [VehicleCodeID], [UnitCode], [SaleRate], [Location], [isActive], [AddOn], [Addby], [UpdateOn], [UpdateBy], [DeleteOn], [DeleteBy]) VALUES (1046, N'4710552 00', N'WATER PUMP', NULL, NULL, NULL, 17, NULL, NULL, NULL, 1, CAST(N'2018-12-18 00:00:00' AS SmallDateTime), 1, NULL, NULL, NULL, NULL)
GO
INSERT [dbo].[tbl_Product] ([ProductID], [PartNo], [Description], [SubstituteNo], [VehicleModelID], [GroupID], [VehicleCodeID], [UnitCode], [SaleRate], [Location], [isActive], [AddOn], [Addby], [UpdateOn], [UpdateBy], [DeleteOn], [DeleteBy]) VALUES (1047, N'4771078 00', N'DIAPHRAM FOR ENIGNE', NULL, NULL, NULL, 17, NULL, NULL, NULL, 1, CAST(N'2018-12-18 00:00:00' AS SmallDateTime), 1, NULL, NULL, NULL, NULL)
GO
INSERT [dbo].[tbl_Product] ([ProductID], [PartNo], [Description], [SubstituteNo], [VehicleModelID], [GroupID], [VehicleCodeID], [UnitCode], [SaleRate], [Location], [isActive], [AddOn], [Addby], [UpdateOn], [UpdateBy], [DeleteOn], [DeleteBy]) VALUES (1048, N'4989572 01', N'OIL PUMP SLEEVE', NULL, NULL, NULL, 17, NULL, NULL, NULL, 1, CAST(N'2018-12-18 00:00:00' AS SmallDateTime), 1, NULL, NULL, NULL, NULL)
GO
INSERT [dbo].[tbl_Product] ([ProductID], [PartNo], [Description], [SubstituteNo], [VehicleModelID], [GroupID], [VehicleCodeID], [UnitCode], [SaleRate], [Location], [isActive], [AddOn], [Addby], [UpdateOn], [UpdateBy], [DeleteOn], [DeleteBy]) VALUES (1049, N'5126507 00', N'FLX.HOSE', NULL, NULL, NULL, 17, NULL, NULL, NULL, 1, CAST(N'2018-12-18 00:00:00' AS SmallDateTime), 1, NULL, NULL, NULL, NULL)
GO
INSERT [dbo].[tbl_Product] ([ProductID], [PartNo], [Description], [SubstituteNo], [VehicleModelID], [GroupID], [VehicleCodeID], [UnitCode], [SaleRate], [Location], [isActive], [AddOn], [Addby], [UpdateOn], [UpdateBy], [DeleteOn], [DeleteBy]) VALUES (1050, N'7982298 02', N'OUTPUT SHAFT 18T', NULL, NULL, NULL, 17, NULL, NULL, NULL, 1, CAST(N'2018-12-18 00:00:00' AS SmallDateTime), 1, NULL, NULL, NULL, NULL)
GO
INSERT [dbo].[tbl_Product] ([ProductID], [PartNo], [Description], [SubstituteNo], [VehicleModelID], [GroupID], [VehicleCodeID], [UnitCode], [SaleRate], [Location], [isActive], [AddOn], [Addby], [UpdateOn], [UpdateBy], [DeleteOn], [DeleteBy]) VALUES (1051, N'165282 01', N'PULG', NULL, NULL, NULL, 18, NULL, CAST(2.84 AS Decimal(10, 2)), N'40-G', 1, CAST(N'2018-12-18 00:00:00' AS SmallDateTime), 1, NULL, NULL, NULL, NULL)
GO
INSERT [dbo].[tbl_Product] ([ProductID], [PartNo], [Description], [SubstituteNo], [VehicleModelID], [GroupID], [VehicleCodeID], [UnitCode], [SaleRate], [Location], [isActive], [AddOn], [Addby], [UpdateOn], [UpdateBy], [DeleteOn], [DeleteBy]) VALUES (1052, N'165282 02', N'DRAIN PLUG', NULL, NULL, NULL, 16, NULL, CAST(3.50 AS Decimal(10, 2)), N'47-F', 1, CAST(N'2018-12-18 00:00:00' AS SmallDateTime), 1, NULL, NULL, NULL, NULL)
GO
INSERT [dbo].[tbl_Product] ([ProductID], [PartNo], [Description], [SubstituteNo], [VehicleModelID], [GroupID], [VehicleCodeID], [UnitCode], [SaleRate], [Location], [isActive], [AddOn], [Addby], [UpdateOn], [UpdateBy], [DeleteOn], [DeleteBy]) VALUES (1053, N'204719 02', N'CONE', NULL, NULL, NULL, 20, NULL, CAST(10.15 AS Decimal(10, 2)), N'41-G', 1, CAST(N'2018-12-18 00:00:00' AS SmallDateTime), 1, NULL, NULL, NULL, NULL)
GO
INSERT [dbo].[tbl_Product] ([ProductID], [PartNo], [Description], [SubstituteNo], [VehicleModelID], [GroupID], [VehicleCodeID], [UnitCode], [SaleRate], [Location], [isActive], [AddOn], [Addby], [UpdateOn], [UpdateBy], [DeleteOn], [DeleteBy]) VALUES (1054, N'204736 02', N'WASHER', NULL, NULL, NULL, 20, NULL, CAST(0.98 AS Decimal(10, 2)), N'39-I', 1, CAST(N'2018-12-18 00:00:00' AS SmallDateTime), 1, NULL, NULL, NULL, NULL)
GO
INSERT [dbo].[tbl_Product] ([ProductID], [PartNo], [Description], [SubstituteNo], [VehicleModelID], [GroupID], [VehicleCodeID], [UnitCode], [SaleRate], [Location], [isActive], [AddOn], [Addby], [UpdateOn], [UpdateBy], [DeleteOn], [DeleteBy]) VALUES (1055, N'JSK 38 C JO', N'FIFTH WHEEL 3.5",STORE"', NULL, NULL, NULL, 21, NULL, NULL, N'541.57', 1, CAST(N'2018-12-18 00:00:00' AS SmallDateTime), 1, NULL, NULL, NULL, NULL)
GO
INSERT [dbo].[tbl_Product] ([ProductID], [PartNo], [Description], [SubstituteNo], [VehicleModelID], [GroupID], [VehicleCodeID], [UnitCode], [SaleRate], [Location], [isActive], [AddOn], [Addby], [UpdateOn], [UpdateBy], [DeleteOn], [DeleteBy]) VALUES (1056, N'01978 21064 00', N'HY.PUMP BELT', NULL, NULL, NULL, 22, NULL, CAST(2.83 AS Decimal(10, 2)), N'11-A', 1, CAST(N'2018-12-18 00:00:00' AS SmallDateTime), 1, NULL, NULL, NULL, NULL)
GO
INSERT [dbo].[tbl_Product] ([ProductID], [PartNo], [Description], [SubstituteNo], [VehicleModelID], [GroupID], [VehicleCodeID], [UnitCode], [SaleRate], [Location], [isActive], [AddOn], [Addby], [UpdateOn], [UpdateBy], [DeleteOn], [DeleteBy]) VALUES (1057, N'12279 96000 01', N'CRANK SHAFT SEAL', NULL, NULL, NULL, 22, NULL, CAST(9.47 AS Decimal(10, 2)), N'12F', 1, CAST(N'2018-12-18 00:00:00' AS SmallDateTime), 1, NULL, NULL, NULL, NULL)
GO
INSERT [dbo].[tbl_Product] ([ProductID], [PartNo], [Description], [SubstituteNo], [VehicleModelID], [GroupID], [VehicleCodeID], [UnitCode], [SaleRate], [Location], [isActive], [AddOn], [Addby], [UpdateOn], [UpdateBy], [DeleteOn], [DeleteBy]) VALUES (1058, N'948448 01', N'OIL SEAL', NULL, NULL, NULL, 23, NULL, CAST(1.65 AS Decimal(10, 2)), N'29..G', 1, CAST(N'2018-12-18 00:00:00' AS SmallDateTime), 1, NULL, NULL, NULL, NULL)
GO
INSERT [dbo].[tbl_Product] ([ProductID], [PartNo], [Description], [SubstituteNo], [VehicleModelID], [GroupID], [VehicleCodeID], [UnitCode], [SaleRate], [Location], [isActive], [AddOn], [Addby], [UpdateOn], [UpdateBy], [DeleteOn], [DeleteBy]) VALUES (1059, N'461 315 1800 01', N'VALVE', NULL, NULL, NULL, 24, NULL, CAST(70.73 AS Decimal(10, 2)), N'75-E', 1, CAST(N'2018-12-18 00:00:00' AS SmallDateTime), 1, NULL, NULL, NULL, NULL)
GO
INSERT [dbo].[tbl_Product] ([ProductID], [PartNo], [Description], [SubstituteNo], [VehicleModelID], [GroupID], [VehicleCodeID], [UnitCode], [SaleRate], [Location], [isActive], [AddOn], [Addby], [UpdateOn], [UpdateBy], [DeleteOn], [DeleteBy]) VALUES (1060, N'2476014 00', N'F.AXLE SHIM', NULL, NULL, NULL, 26, NULL, NULL, NULL, 1, CAST(N'2018-12-18 00:00:00' AS SmallDateTime), 1, NULL, NULL, NULL, NULL)
GO
INSERT [dbo].[tbl_Product] ([ProductID], [PartNo], [Description], [SubstituteNo], [VehicleModelID], [GroupID], [VehicleCodeID], [UnitCode], [SaleRate], [Location], [isActive], [AddOn], [Addby], [UpdateOn], [UpdateBy], [DeleteOn], [DeleteBy]) VALUES (1061, N'41003396 03', N'FR.SPRING LEAF NO 1', NULL, NULL, NULL, 26, NULL, CAST(18.94 AS Decimal(10, 2)), N'BACKSIDE', 1, CAST(N'2018-12-18 00:00:00' AS SmallDateTime), 1, NULL, NULL, NULL, NULL)
GO
INSERT [dbo].[tbl_Product] ([ProductID], [PartNo], [Description], [SubstituteNo], [VehicleModelID], [GroupID], [VehicleCodeID], [UnitCode], [SaleRate], [Location], [isActive], [AddOn], [Addby], [UpdateOn], [UpdateBy], [DeleteOn], [DeleteBy]) VALUES (1062, N'7673 014 150 00', N'SHAFT FOR STEERING PUMP', NULL, NULL, NULL, 27, NULL, NULL, NULL, 1, CAST(N'2018-12-18 00:00:00' AS SmallDateTime), 1, NULL, NULL, NULL, NULL)
GO
INSERT [dbo].[tbl_Product] ([ProductID], [PartNo], [Description], [SubstituteNo], [VehicleModelID], [GroupID], [VehicleCodeID], [UnitCode], [SaleRate], [Location], [isActive], [AddOn], [Addby], [UpdateOn], [UpdateBy], [DeleteOn], [DeleteBy]) VALUES (1063, N'1201201021', N'testing product ', N'123123', 7, 1, 1, N'pc', CAST(100.00 AS Decimal(10, 2)), N'L01', 1, CAST(N'2018-12-19 00:00:00' AS SmallDateTime), 1, NULL, NULL, NULL, NULL)
GO
INSERT [dbo].[tbl_Product] ([ProductID], [PartNo], [Description], [SubstituteNo], [VehicleModelID], [GroupID], [VehicleCodeID], [UnitCode], [SaleRate], [Location], [isActive], [AddOn], [Addby], [UpdateOn], [UpdateBy], [DeleteOn], [DeleteBy]) VALUES (2007, N'1668616', N'clutch plate', N'013 250 2103', 7, NULL, 23, N'pcs', NULL, N'store', 1, CAST(N'2018-12-24 00:00:00' AS SmallDateTime), 1, NULL, NULL, NULL, NULL)
GO
INSERT [dbo].[tbl_Product] ([ProductID], [PartNo], [Description], [SubstituteNo], [VehicleModelID], [GroupID], [VehicleCodeID], [UnitCode], [SaleRate], [Location], [isActive], [AddOn], [Addby], [UpdateOn], [UpdateBy], [DeleteOn], [DeleteBy]) VALUES (2008, N'1668618', N'pressure plate', N'004 250 8804', 7, NULL, 23, N'pcs', NULL, NULL, 1, CAST(N'2018-12-24 00:00:00' AS SmallDateTime), 1, NULL, NULL, NULL, NULL)
GO
INSERT [dbo].[tbl_Product] ([ProductID], [PartNo], [Description], [SubstituteNo], [VehicleModelID], [GroupID], [VehicleCodeID], [UnitCode], [SaleRate], [Location], [isActive], [AddOn], [Addby], [UpdateOn], [UpdateBy], [DeleteOn], [DeleteBy]) VALUES (2009, N'013 250 2103 01b', N'clutch plate', N'1668616', NULL, NULL, 1, N'pcs', NULL, NULL, 1, CAST(N'2018-12-24 00:00:00' AS SmallDateTime), 1, NULL, NULL, NULL, NULL)
GO
INSERT [dbo].[tbl_Product] ([ProductID], [PartNo], [Description], [SubstituteNo], [VehicleModelID], [GroupID], [VehicleCodeID], [UnitCode], [SaleRate], [Location], [isActive], [AddOn], [Addby], [UpdateOn], [UpdateBy], [DeleteOn], [DeleteBy]) VALUES (2010, N'81 30550 0094 fs', N'clutch bearing', NULL, NULL, NULL, 14, N'pcs', NULL, NULL, 1, CAST(N'2018-12-24 00:00:00' AS SmallDateTime), 1, NULL, NULL, NULL, NULL)
GO
INSERT [dbo].[tbl_Product] ([ProductID], [PartNo], [Description], [SubstituteNo], [VehicleModelID], [GroupID], [VehicleCodeID], [UnitCode], [SaleRate], [Location], [isActive], [AddOn], [Addby], [UpdateOn], [UpdateBy], [DeleteOn], [DeleteBy]) VALUES (2011, N'm 37 wn 35 ma', N'cylinder liner', NULL, NULL, 1, 10, N'pcs', CAST(15.75 AS Decimal(10, 2)), N'back', NULL, NULL, NULL, NULL, NULL, NULL, NULL)
GO
SET IDENTITY_INSERT [dbo].[tbl_Product] OFF
GO
SET IDENTITY_INSERT [dbo].[tbl_StockLog] ON 

GO
INSERT [dbo].[tbl_StockLog] ([LogID], [ProductID], [BranchID], [StockIN], [StockOut], [InvoiceDate], [CostPrice], [SalePrice], [Location], [OrderID], [OrderTypeID], [UserReferenceID], [InReference], [InReferenceID], [OutReference], [OutReferenceID], [Detail], [AddOn], [AddBy], [IsActive], [AccountID]) VALUES (1, 1010, 9003, 8, NULL, CAST(N'2018-12-05 00:00:00' AS SmallDateTime), CAST(6.00 AS Decimal(9, 2)), NULL, NULL, 1001, 1, N'990', N'Purchase', NULL, NULL, NULL, NULL, CAST(N'2018-12-18 10:05:00' AS SmallDateTime), 1, NULL, 28)
GO
INSERT [dbo].[tbl_StockLog] ([LogID], [ProductID], [BranchID], [StockIN], [StockOut], [InvoiceDate], [CostPrice], [SalePrice], [Location], [OrderID], [OrderTypeID], [UserReferenceID], [InReference], [InReferenceID], [OutReference], [OutReferenceID], [Detail], [AddOn], [AddBy], [IsActive], [AccountID]) VALUES (2, 1022, 9003, 5, NULL, CAST(N'2018-12-05 00:00:00' AS SmallDateTime), CAST(6.56 AS Decimal(9, 2)), CAST(10.00 AS Decimal(9, 2)), NULL, 1001, 1, N'990', N'Purchase', NULL, NULL, NULL, NULL, CAST(N'2018-12-18 10:05:00' AS SmallDateTime), 1, NULL, 28)
GO
INSERT [dbo].[tbl_StockLog] ([LogID], [ProductID], [BranchID], [StockIN], [StockOut], [InvoiceDate], [CostPrice], [SalePrice], [Location], [OrderID], [OrderTypeID], [UserReferenceID], [InReference], [InReferenceID], [OutReference], [OutReferenceID], [Detail], [AddOn], [AddBy], [IsActive], [AccountID]) VALUES (3, 1021, 9003, 8, NULL, CAST(N'2018-12-05 00:00:00' AS SmallDateTime), CAST(9.00 AS Decimal(9, 2)), CAST(20.00 AS Decimal(9, 2)), NULL, 1001, 1, N'990', N'Purchase', NULL, NULL, NULL, NULL, CAST(N'2018-12-18 10:05:00' AS SmallDateTime), 1, NULL, 28)
GO
INSERT [dbo].[tbl_StockLog] ([LogID], [ProductID], [BranchID], [StockIN], [StockOut], [InvoiceDate], [CostPrice], [SalePrice], [Location], [OrderID], [OrderTypeID], [UserReferenceID], [InReference], [InReferenceID], [OutReference], [OutReferenceID], [Detail], [AddOn], [AddBy], [IsActive], [AccountID]) VALUES (4, 1037, 9003, 10, NULL, CAST(N'2018-12-15 00:00:00' AS SmallDateTime), CAST(5.55 AS Decimal(9, 2)), CAST(80.00 AS Decimal(9, 2)), NULL, 1008, 1, N'150', N'Purchase', NULL, NULL, NULL, NULL, CAST(N'2018-12-18 10:19:00' AS SmallDateTime), 1, NULL, 26)
GO
INSERT [dbo].[tbl_StockLog] ([LogID], [ProductID], [BranchID], [StockIN], [StockOut], [InvoiceDate], [CostPrice], [SalePrice], [Location], [OrderID], [OrderTypeID], [UserReferenceID], [InReference], [InReferenceID], [OutReference], [OutReferenceID], [Detail], [AddOn], [AddBy], [IsActive], [AccountID]) VALUES (5, 1010, 9003, 100, NULL, CAST(N'2018-12-14 00:00:00' AS SmallDateTime), CAST(235.91 AS Decimal(9, 2)), CAST(20.00 AS Decimal(9, 2)), NULL, 1009, 1, N'224', N'Purchase', NULL, NULL, NULL, NULL, CAST(N'2018-12-18 10:46:00' AS SmallDateTime), 1, NULL, 26)
GO
INSERT [dbo].[tbl_StockLog] ([LogID], [ProductID], [BranchID], [StockIN], [StockOut], [InvoiceDate], [CostPrice], [SalePrice], [Location], [OrderID], [OrderTypeID], [UserReferenceID], [InReference], [InReferenceID], [OutReference], [OutReferenceID], [Detail], [AddOn], [AddBy], [IsActive], [AccountID]) VALUES (6, 5, 9003, 500, NULL, CAST(N'2018-12-14 00:00:00' AS SmallDateTime), CAST(234.91 AS Decimal(9, 2)), CAST(15.00 AS Decimal(9, 2)), N'volvo f12', 1009, 1, N'224', N'Purchase', NULL, NULL, NULL, NULL, CAST(N'2018-12-18 10:46:00' AS SmallDateTime), 1, NULL, 26)
GO
INSERT [dbo].[tbl_StockLog] ([LogID], [ProductID], [BranchID], [StockIN], [StockOut], [InvoiceDate], [CostPrice], [SalePrice], [Location], [OrderID], [OrderTypeID], [UserReferenceID], [InReference], [InReferenceID], [OutReference], [OutReferenceID], [Detail], [AddOn], [AddBy], [IsActive], [AccountID]) VALUES (7, 1010, 9003, NULL, 2, CAST(N'2018-12-18 00:00:00' AS SmallDateTime), CAST(6.00 AS Decimal(9, 2)), NULL, NULL, 1, 2, NULL, NULL, NULL, N'Purchase Return', NULL, NULL, CAST(N'2018-12-18 10:47:00' AS SmallDateTime), 1, NULL, 28)
GO
INSERT [dbo].[tbl_StockLog] ([LogID], [ProductID], [BranchID], [StockIN], [StockOut], [InvoiceDate], [CostPrice], [SalePrice], [Location], [OrderID], [OrderTypeID], [UserReferenceID], [InReference], [InReferenceID], [OutReference], [OutReferenceID], [Detail], [AddOn], [AddBy], [IsActive], [AccountID]) VALUES (8, 1022, 9003, NULL, 5, CAST(N'2018-12-18 00:00:00' AS SmallDateTime), CAST(6.56 AS Decimal(9, 2)), NULL, NULL, 1, 2, NULL, NULL, NULL, N'Purchase Return', NULL, NULL, CAST(N'2018-12-18 10:47:00' AS SmallDateTime), 1, NULL, 28)
GO
INSERT [dbo].[tbl_StockLog] ([LogID], [ProductID], [BranchID], [StockIN], [StockOut], [InvoiceDate], [CostPrice], [SalePrice], [Location], [OrderID], [OrderTypeID], [UserReferenceID], [InReference], [InReferenceID], [OutReference], [OutReferenceID], [Detail], [AddOn], [AddBy], [IsActive], [AccountID]) VALUES (9, 1021, 9001, NULL, 5, CAST(N'2018-12-29 00:00:00' AS SmallDateTime), NULL, CAST(8.00 AS Decimal(9, 2)), N'"81-D"', 1001, 3, NULL, NULL, NULL, N'Sales', NULL, NULL, CAST(N'2018-12-18 11:16:00' AS SmallDateTime), 1, NULL, 29)
GO
INSERT [dbo].[tbl_StockLog] ([LogID], [ProductID], [BranchID], [StockIN], [StockOut], [InvoiceDate], [CostPrice], [SalePrice], [Location], [OrderID], [OrderTypeID], [UserReferenceID], [InReference], [InReferenceID], [OutReference], [OutReferenceID], [Detail], [AddOn], [AddBy], [IsActive], [AccountID]) VALUES (10, 5, 9003, NULL, 10, CAST(N'2018-12-18 07:07:00' AS SmallDateTime), CAST(234.91 AS Decimal(9, 2)), CAST(15.00 AS Decimal(9, 2)), NULL, NULL, 6, NULL, NULL, NULL, N'Stock Moving', NULL, NULL, CAST(N'2018-12-18 07:07:00' AS SmallDateTime), 1, NULL, NULL)
GO
INSERT [dbo].[tbl_StockLog] ([LogID], [ProductID], [BranchID], [StockIN], [StockOut], [InvoiceDate], [CostPrice], [SalePrice], [Location], [OrderID], [OrderTypeID], [UserReferenceID], [InReference], [InReferenceID], [OutReference], [OutReferenceID], [Detail], [AddOn], [AddBy], [IsActive], [AccountID]) VALUES (11, 5, 9002, 10, NULL, CAST(N'2018-12-18 07:07:00' AS SmallDateTime), CAST(234.91 AS Decimal(9, 2)), CAST(15.00 AS Decimal(9, 2)), NULL, NULL, 5, NULL, N'Stock Moving', NULL, NULL, NULL, NULL, CAST(N'2018-12-18 07:07:00' AS SmallDateTime), 1, NULL, NULL)
GO
INSERT [dbo].[tbl_StockLog] ([LogID], [ProductID], [BranchID], [StockIN], [StockOut], [InvoiceDate], [CostPrice], [SalePrice], [Location], [OrderID], [OrderTypeID], [UserReferenceID], [InReference], [InReferenceID], [OutReference], [OutReferenceID], [Detail], [AddOn], [AddBy], [IsActive], [AccountID]) VALUES (12, 5, 9002, NULL, 5, CAST(N'2018-12-18 07:17:00' AS SmallDateTime), CAST(234.91 AS Decimal(9, 2)), CAST(15.00 AS Decimal(9, 2)), NULL, NULL, 6, NULL, NULL, NULL, N'Stock Moving', NULL, NULL, CAST(N'2018-12-18 07:17:00' AS SmallDateTime), 1, NULL, NULL)
GO
INSERT [dbo].[tbl_StockLog] ([LogID], [ProductID], [BranchID], [StockIN], [StockOut], [InvoiceDate], [CostPrice], [SalePrice], [Location], [OrderID], [OrderTypeID], [UserReferenceID], [InReference], [InReferenceID], [OutReference], [OutReferenceID], [Detail], [AddOn], [AddBy], [IsActive], [AccountID]) VALUES (13, 5, 9004, 5, NULL, CAST(N'2018-12-18 07:17:00' AS SmallDateTime), CAST(234.91 AS Decimal(9, 2)), CAST(15.00 AS Decimal(9, 2)), NULL, NULL, 5, NULL, N'Stock Moving', NULL, NULL, NULL, NULL, CAST(N'2018-12-18 07:17:00' AS SmallDateTime), 1, NULL, NULL)
GO
INSERT [dbo].[tbl_StockLog] ([LogID], [ProductID], [BranchID], [StockIN], [StockOut], [InvoiceDate], [CostPrice], [SalePrice], [Location], [OrderID], [OrderTypeID], [UserReferenceID], [InReference], [InReferenceID], [OutReference], [OutReferenceID], [Detail], [AddOn], [AddBy], [IsActive], [AccountID]) VALUES (14, 1063, 9001, 50, NULL, CAST(N'2018-12-19 00:00:00' AS SmallDateTime), CAST(141.13 AS Decimal(9, 2)), CAST(150.00 AS Decimal(9, 2)), N'volvo f12', 1010, 1, N'0122', N'Purchase', NULL, NULL, NULL, NULL, CAST(N'2018-12-19 14:04:00' AS SmallDateTime), 1, NULL, 34)
GO
INSERT [dbo].[tbl_StockLog] ([LogID], [ProductID], [BranchID], [StockIN], [StockOut], [InvoiceDate], [CostPrice], [SalePrice], [Location], [OrderID], [OrderTypeID], [UserReferenceID], [InReference], [InReferenceID], [OutReference], [OutReferenceID], [Detail], [AddOn], [AddBy], [IsActive], [AccountID]) VALUES (15, 1020, 9001, 50, NULL, CAST(N'2018-12-19 00:00:00' AS SmallDateTime), CAST(521.13 AS Decimal(9, 2)), CAST(600.00 AS Decimal(9, 2)), NULL, 1010, 1, N'0122', N'Purchase', NULL, NULL, NULL, NULL, CAST(N'2018-12-19 14:04:00' AS SmallDateTime), 1, NULL, 34)
GO
INSERT [dbo].[tbl_StockLog] ([LogID], [ProductID], [BranchID], [StockIN], [StockOut], [InvoiceDate], [CostPrice], [SalePrice], [Location], [OrderID], [OrderTypeID], [UserReferenceID], [InReference], [InReferenceID], [OutReference], [OutReferenceID], [Detail], [AddOn], [AddBy], [IsActive], [AccountID]) VALUES (16, 5, 9003, NULL, 10, CAST(N'2018-12-19 09:35:00' AS SmallDateTime), CAST(234.91 AS Decimal(9, 2)), CAST(15.00 AS Decimal(9, 2)), NULL, NULL, 6, NULL, NULL, NULL, N'Stock Moving', NULL, NULL, CAST(N'2018-12-19 09:35:00' AS SmallDateTime), 1, NULL, NULL)
GO
INSERT [dbo].[tbl_StockLog] ([LogID], [ProductID], [BranchID], [StockIN], [StockOut], [InvoiceDate], [CostPrice], [SalePrice], [Location], [OrderID], [OrderTypeID], [UserReferenceID], [InReference], [InReferenceID], [OutReference], [OutReferenceID], [Detail], [AddOn], [AddBy], [IsActive], [AccountID]) VALUES (17, 5, 9002, 10, NULL, CAST(N'2018-12-19 09:35:00' AS SmallDateTime), CAST(234.91 AS Decimal(9, 2)), CAST(15.00 AS Decimal(9, 2)), NULL, NULL, 5, NULL, N'Stock Moving', NULL, NULL, NULL, NULL, CAST(N'2018-12-19 09:35:00' AS SmallDateTime), 1, NULL, NULL)
GO
INSERT [dbo].[tbl_StockLog] ([LogID], [ProductID], [BranchID], [StockIN], [StockOut], [InvoiceDate], [CostPrice], [SalePrice], [Location], [OrderID], [OrderTypeID], [UserReferenceID], [InReference], [InReferenceID], [OutReference], [OutReferenceID], [Detail], [AddOn], [AddBy], [IsActive], [AccountID]) VALUES (18, 5, 9002, NULL, 10, CAST(N'2018-12-19 00:00:00' AS SmallDateTime), NULL, CAST(500.00 AS Decimal(9, 2)), NULL, 1002, 3, N'5522', NULL, NULL, N'Sales', NULL, NULL, CAST(N'2018-12-19 14:53:00' AS SmallDateTime), 1, NULL, 35)
GO
INSERT [dbo].[tbl_StockLog] ([LogID], [ProductID], [BranchID], [StockIN], [StockOut], [InvoiceDate], [CostPrice], [SalePrice], [Location], [OrderID], [OrderTypeID], [UserReferenceID], [InReference], [InReferenceID], [OutReference], [OutReferenceID], [Detail], [AddOn], [AddBy], [IsActive], [AccountID]) VALUES (19, 1063, 9002, NULL, 5, CAST(N'2018-12-19 00:00:00' AS SmallDateTime), NULL, CAST(400.00 AS Decimal(9, 2)), N'L01', 1002, 3, N'5522', NULL, NULL, N'Sales', NULL, NULL, CAST(N'2018-12-19 14:53:00' AS SmallDateTime), 1, NULL, 35)
GO
INSERT [dbo].[tbl_StockLog] ([LogID], [ProductID], [BranchID], [StockIN], [StockOut], [InvoiceDate], [CostPrice], [SalePrice], [Location], [OrderID], [OrderTypeID], [UserReferenceID], [InReference], [InReferenceID], [OutReference], [OutReferenceID], [Detail], [AddOn], [AddBy], [IsActive], [AccountID]) VALUES (1002, 2009, 9001, 2, NULL, CAST(N'2018-12-24 00:00:00' AS SmallDateTime), CAST(85.57 AS Decimal(9, 2)), CAST(78.00 AS Decimal(9, 2)), NULL, 2002, 1, N'1122', N'Purchase', NULL, NULL, NULL, NULL, CAST(N'2018-12-24 06:28:00' AS SmallDateTime), 1, NULL, 1001)
GO
INSERT [dbo].[tbl_StockLog] ([LogID], [ProductID], [BranchID], [StockIN], [StockOut], [InvoiceDate], [CostPrice], [SalePrice], [Location], [OrderID], [OrderTypeID], [UserReferenceID], [InReference], [InReferenceID], [OutReference], [OutReferenceID], [Detail], [AddOn], [AddBy], [IsActive], [AccountID]) VALUES (1003, 2008, 9001, 2, NULL, CAST(N'2018-12-24 00:00:00' AS SmallDateTime), CAST(124.57 AS Decimal(9, 2)), CAST(119.00 AS Decimal(9, 2)), N'volvo f12', 2002, 1, N'1122', N'Purchase', NULL, NULL, NULL, NULL, CAST(N'2018-12-24 06:28:00' AS SmallDateTime), 1, NULL, 1001)
GO
INSERT [dbo].[tbl_StockLog] ([LogID], [ProductID], [BranchID], [StockIN], [StockOut], [InvoiceDate], [CostPrice], [SalePrice], [Location], [OrderID], [OrderTypeID], [UserReferenceID], [InReference], [InReferenceID], [OutReference], [OutReferenceID], [Detail], [AddOn], [AddBy], [IsActive], [AccountID]) VALUES (1004, 2010, 9001, 2, NULL, CAST(N'2018-12-24 00:00:00' AS SmallDateTime), CAST(37.57 AS Decimal(9, 2)), CAST(30.00 AS Decimal(9, 2)), NULL, 2002, 1, N'1122', N'Purchase', NULL, NULL, NULL, NULL, CAST(N'2018-12-24 06:28:00' AS SmallDateTime), 1, NULL, 1001)
GO
INSERT [dbo].[tbl_StockLog] ([LogID], [ProductID], [BranchID], [StockIN], [StockOut], [InvoiceDate], [CostPrice], [SalePrice], [Location], [OrderID], [OrderTypeID], [UserReferenceID], [InReference], [InReferenceID], [OutReference], [OutReferenceID], [Detail], [AddOn], [AddBy], [IsActive], [AccountID]) VALUES (1005, 3, 9001, 20, NULL, CAST(N'2018-12-24 00:00:00' AS SmallDateTime), CAST(41.83 AS Decimal(9, 2)), CAST(4.00 AS Decimal(9, 2)), NULL, 2003, 1, N'2222', N'Purchase', NULL, NULL, NULL, NULL, CAST(N'2018-12-24 06:31:00' AS SmallDateTime), 1, NULL, 1002)
GO
INSERT [dbo].[tbl_StockLog] ([LogID], [ProductID], [BranchID], [StockIN], [StockOut], [InvoiceDate], [CostPrice], [SalePrice], [Location], [OrderID], [OrderTypeID], [UserReferenceID], [InReference], [InReferenceID], [OutReference], [OutReferenceID], [Detail], [AddOn], [AddBy], [IsActive], [AccountID]) VALUES (1006, 2009, 9001, NULL, 1, CAST(N'2018-12-24 00:00:00' AS SmallDateTime), CAST(76.00 AS Decimal(9, 2)), NULL, NULL, 2, 2, NULL, NULL, NULL, N'Purchase Return', NULL, NULL, CAST(N'2018-12-24 06:32:00' AS SmallDateTime), 1, NULL, 1001)
GO
INSERT [dbo].[tbl_StockLog] ([LogID], [ProductID], [BranchID], [StockIN], [StockOut], [InvoiceDate], [CostPrice], [SalePrice], [Location], [OrderID], [OrderTypeID], [UserReferenceID], [InReference], [InReferenceID], [OutReference], [OutReferenceID], [Detail], [AddOn], [AddBy], [IsActive], [AccountID]) VALUES (1007, 2008, 9001, NULL, 1, CAST(N'2018-12-24 00:00:00' AS SmallDateTime), CAST(115.00 AS Decimal(9, 2)), NULL, NULL, 2, 2, NULL, NULL, NULL, N'Purchase Return', NULL, NULL, CAST(N'2018-12-24 06:32:00' AS SmallDateTime), 1, NULL, 1001)
GO
INSERT [dbo].[tbl_StockLog] ([LogID], [ProductID], [BranchID], [StockIN], [StockOut], [InvoiceDate], [CostPrice], [SalePrice], [Location], [OrderID], [OrderTypeID], [UserReferenceID], [InReference], [InReferenceID], [OutReference], [OutReferenceID], [Detail], [AddOn], [AddBy], [IsActive], [AccountID]) VALUES (1008, 2010, 9001, NULL, 1, CAST(N'2018-12-24 00:00:00' AS SmallDateTime), CAST(28.00 AS Decimal(9, 2)), NULL, NULL, 2, 2, NULL, NULL, NULL, N'Purchase Return', NULL, NULL, CAST(N'2018-12-24 06:32:00' AS SmallDateTime), 1, NULL, 1001)
GO
INSERT [dbo].[tbl_StockLog] ([LogID], [ProductID], [BranchID], [StockIN], [StockOut], [InvoiceDate], [CostPrice], [SalePrice], [Location], [OrderID], [OrderTypeID], [UserReferenceID], [InReference], [InReferenceID], [OutReference], [OutReferenceID], [Detail], [AddOn], [AddBy], [IsActive], [AccountID]) VALUES (1009, 3, 9001, NULL, 10, CAST(N'2018-12-24 01:35:00' AS SmallDateTime), CAST(41.83 AS Decimal(9, 2)), CAST(4.00 AS Decimal(9, 2)), NULL, NULL, 6, NULL, NULL, NULL, N'Stock Moving', NULL, NULL, CAST(N'2018-12-24 01:35:00' AS SmallDateTime), 1, NULL, NULL)
GO
INSERT [dbo].[tbl_StockLog] ([LogID], [ProductID], [BranchID], [StockIN], [StockOut], [InvoiceDate], [CostPrice], [SalePrice], [Location], [OrderID], [OrderTypeID], [UserReferenceID], [InReference], [InReferenceID], [OutReference], [OutReferenceID], [Detail], [AddOn], [AddBy], [IsActive], [AccountID]) VALUES (1010, 3, 9003, 10, NULL, CAST(N'2018-12-24 01:35:00' AS SmallDateTime), CAST(41.83 AS Decimal(9, 2)), CAST(4.00 AS Decimal(9, 2)), NULL, NULL, 5, NULL, N'Stock Moving', NULL, NULL, NULL, NULL, CAST(N'2018-12-24 01:35:00' AS SmallDateTime), 1, NULL, NULL)
GO
INSERT [dbo].[tbl_StockLog] ([LogID], [ProductID], [BranchID], [StockIN], [StockOut], [InvoiceDate], [CostPrice], [SalePrice], [Location], [OrderID], [OrderTypeID], [UserReferenceID], [InReference], [InReferenceID], [OutReference], [OutReferenceID], [Detail], [AddOn], [AddBy], [IsActive], [AccountID]) VALUES (1011, 2009, 9001, NULL, 1, CAST(N'2018-12-24 00:00:00' AS SmallDateTime), NULL, CAST(78.00 AS Decimal(9, 2)), N'""', 2002, 3, N'1234', NULL, NULL, N'Sales', NULL, NULL, CAST(N'2018-12-24 06:43:00' AS SmallDateTime), 1, NULL, 1004)
GO
INSERT [dbo].[tbl_StockLog] ([LogID], [ProductID], [BranchID], [StockIN], [StockOut], [InvoiceDate], [CostPrice], [SalePrice], [Location], [OrderID], [OrderTypeID], [UserReferenceID], [InReference], [InReferenceID], [OutReference], [OutReferenceID], [Detail], [AddOn], [AddBy], [IsActive], [AccountID]) VALUES (1012, 3, 9001, NULL, 2, CAST(N'2018-12-24 00:00:00' AS SmallDateTime), NULL, CAST(5.00 AS Decimal(9, 2)), N'"14.B"', 2002, 3, N'1234', NULL, NULL, N'Sales', NULL, NULL, CAST(N'2018-12-24 06:43:00' AS SmallDateTime), 1, NULL, 1004)
GO
INSERT [dbo].[tbl_StockLog] ([LogID], [ProductID], [BranchID], [StockIN], [StockOut], [InvoiceDate], [CostPrice], [SalePrice], [Location], [OrderID], [OrderTypeID], [UserReferenceID], [InReference], [InReferenceID], [OutReference], [OutReferenceID], [Detail], [AddOn], [AddBy], [IsActive], [AccountID]) VALUES (1013, 2008, 9001, NULL, 1, CAST(N'2018-12-24 00:00:00' AS SmallDateTime), NULL, CAST(98.00 AS Decimal(9, 2)), N'""', 2002, 3, N'1234', NULL, NULL, N'Sales', NULL, NULL, CAST(N'2018-12-24 06:43:00' AS SmallDateTime), 1, NULL, 1004)
GO
INSERT [dbo].[tbl_StockLog] ([LogID], [ProductID], [BranchID], [StockIN], [StockOut], [InvoiceDate], [CostPrice], [SalePrice], [Location], [OrderID], [OrderTypeID], [UserReferenceID], [InReference], [InReferenceID], [OutReference], [OutReferenceID], [Detail], [AddOn], [AddBy], [IsActive], [AccountID]) VALUES (1014, 1059, 9003, NULL, 1, CAST(N'2018-12-24 00:00:00' AS SmallDateTime), NULL, CAST(120.00 AS Decimal(9, 2)), N'75-E', 2003, 3, NULL, NULL, NULL, N'Sales', NULL, NULL, CAST(N'2018-12-24 16:00:00' AS SmallDateTime), 1, NULL, 1003)
GO
INSERT [dbo].[tbl_StockLog] ([LogID], [ProductID], [BranchID], [StockIN], [StockOut], [InvoiceDate], [CostPrice], [SalePrice], [Location], [OrderID], [OrderTypeID], [UserReferenceID], [InReference], [InReferenceID], [OutReference], [OutReferenceID], [Detail], [AddOn], [AddBy], [IsActive], [AccountID]) VALUES (1015, 3, 9001, NULL, 2, CAST(N'2018-12-26 00:00:00' AS SmallDateTime), NULL, CAST(5.00 AS Decimal(9, 2)), N'14.B', 2004, 3, NULL, NULL, NULL, N'Sales', NULL, NULL, CAST(N'2018-12-26 05:44:00' AS SmallDateTime), 1, NULL, 1003)
GO
INSERT [dbo].[tbl_StockLog] ([LogID], [ProductID], [BranchID], [StockIN], [StockOut], [InvoiceDate], [CostPrice], [SalePrice], [Location], [OrderID], [OrderTypeID], [UserReferenceID], [InReference], [InReferenceID], [OutReference], [OutReferenceID], [Detail], [AddOn], [AddBy], [IsActive], [AccountID]) VALUES (1016, 2008, 9001, NULL, 1, CAST(N'2018-12-26 00:00:00' AS SmallDateTime), NULL, CAST(115.00 AS Decimal(9, 2)), NULL, 2004, 3, NULL, NULL, NULL, N'Sales', NULL, NULL, CAST(N'2018-12-26 05:44:00' AS SmallDateTime), 1, NULL, 1003)
GO
INSERT [dbo].[tbl_StockLog] ([LogID], [ProductID], [BranchID], [StockIN], [StockOut], [InvoiceDate], [CostPrice], [SalePrice], [Location], [OrderID], [OrderTypeID], [UserReferenceID], [InReference], [InReferenceID], [OutReference], [OutReferenceID], [Detail], [AddOn], [AddBy], [IsActive], [AccountID]) VALUES (1017, 1020, 9001, NULL, 20, CAST(N'2018-12-26 00:00:00' AS SmallDateTime), NULL, CAST(4.50 AS Decimal(9, 2)), N'33-I', 2005, 3, NULL, NULL, NULL, N'Sales', NULL, NULL, CAST(N'2018-12-26 05:45:00' AS SmallDateTime), 1, NULL, 1003)
GO
INSERT [dbo].[tbl_StockLog] ([LogID], [ProductID], [BranchID], [StockIN], [StockOut], [InvoiceDate], [CostPrice], [SalePrice], [Location], [OrderID], [OrderTypeID], [UserReferenceID], [InReference], [InReferenceID], [OutReference], [OutReferenceID], [Detail], [AddOn], [AddBy], [IsActive], [AccountID]) VALUES (1018, 1022, 9001, NULL, 2, CAST(N'2018-12-26 00:00:00' AS SmallDateTime), NULL, CAST(25.00 AS Decimal(9, 2)), N'79A', 2006, 3, NULL, NULL, NULL, N'Sales', NULL, NULL, CAST(N'2018-12-26 05:46:00' AS SmallDateTime), 1, NULL, 1003)
GO
INSERT [dbo].[tbl_StockLog] ([LogID], [ProductID], [BranchID], [StockIN], [StockOut], [InvoiceDate], [CostPrice], [SalePrice], [Location], [OrderID], [OrderTypeID], [UserReferenceID], [InReference], [InReferenceID], [OutReference], [OutReferenceID], [Detail], [AddOn], [AddBy], [IsActive], [AccountID]) VALUES (1019, 3, 9001, NULL, 2, CAST(N'2018-12-26 10:02:00' AS SmallDateTime), NULL, CAST(5.00 AS Decimal(9, 2)), NULL, NULL, 6, NULL, NULL, NULL, N'Stock Moving', NULL, NULL, CAST(N'2018-12-26 10:02:00' AS SmallDateTime), 1, NULL, NULL)
GO
INSERT [dbo].[tbl_StockLog] ([LogID], [ProductID], [BranchID], [StockIN], [StockOut], [InvoiceDate], [CostPrice], [SalePrice], [Location], [OrderID], [OrderTypeID], [UserReferenceID], [InReference], [InReferenceID], [OutReference], [OutReferenceID], [Detail], [AddOn], [AddBy], [IsActive], [AccountID]) VALUES (1020, 3, 9004, 2, NULL, CAST(N'2018-12-26 10:02:00' AS SmallDateTime), NULL, CAST(5.00 AS Decimal(9, 2)), NULL, NULL, 5, NULL, N'Stock Moving', NULL, NULL, NULL, NULL, CAST(N'2018-12-26 10:02:00' AS SmallDateTime), 1, NULL, NULL)
GO
INSERT [dbo].[tbl_StockLog] ([LogID], [ProductID], [BranchID], [StockIN], [StockOut], [InvoiceDate], [CostPrice], [SalePrice], [Location], [OrderID], [OrderTypeID], [UserReferenceID], [InReference], [InReferenceID], [OutReference], [OutReferenceID], [Detail], [AddOn], [AddBy], [IsActive], [AccountID]) VALUES (1021, 1010, 9003, NULL, 6, CAST(N'2018-12-31 06:52:00' AS SmallDateTime), CAST(120.95 AS Decimal(9, 2)), CAST(20.00 AS Decimal(9, 2)), NULL, NULL, 6, NULL, NULL, NULL, N'Stock Moving', NULL, NULL, CAST(N'2018-12-31 06:52:00' AS SmallDateTime), 1, NULL, NULL)
GO
INSERT [dbo].[tbl_StockLog] ([LogID], [ProductID], [BranchID], [StockIN], [StockOut], [InvoiceDate], [CostPrice], [SalePrice], [Location], [OrderID], [OrderTypeID], [UserReferenceID], [InReference], [InReferenceID], [OutReference], [OutReferenceID], [Detail], [AddOn], [AddBy], [IsActive], [AccountID]) VALUES (1022, 1010, 9002, 6, NULL, CAST(N'2018-12-31 06:52:00' AS SmallDateTime), CAST(120.95 AS Decimal(9, 2)), CAST(20.00 AS Decimal(9, 2)), NULL, NULL, 5, NULL, N'Stock Moving', NULL, NULL, NULL, NULL, CAST(N'2018-12-31 06:52:00' AS SmallDateTime), 1, NULL, NULL)
GO
INSERT [dbo].[tbl_StockLog] ([LogID], [ProductID], [BranchID], [StockIN], [StockOut], [InvoiceDate], [CostPrice], [SalePrice], [Location], [OrderID], [OrderTypeID], [UserReferenceID], [InReference], [InReferenceID], [OutReference], [OutReferenceID], [Detail], [AddOn], [AddBy], [IsActive], [AccountID]) VALUES (1023, 3, 9001, NULL, 2, CAST(N'2019-01-02 00:00:00' AS SmallDateTime), NULL, CAST(42.00 AS Decimal(9, 2)), N'14.B', 2007, 3, NULL, NULL, NULL, N'Sales', NULL, NULL, CAST(N'2019-01-02 15:35:00' AS SmallDateTime), 1, NULL, 1003)
GO
INSERT [dbo].[tbl_StockLog] ([LogID], [ProductID], [BranchID], [StockIN], [StockOut], [InvoiceDate], [CostPrice], [SalePrice], [Location], [OrderID], [OrderTypeID], [UserReferenceID], [InReference], [InReferenceID], [OutReference], [OutReferenceID], [Detail], [AddOn], [AddBy], [IsActive], [AccountID]) VALUES (1024, 3, 9001, 1, NULL, CAST(N'2019-01-02 00:00:00' AS SmallDateTime), NULL, NULL, NULL, 1, 4, N'undefined', N'Sales Return', NULL, NULL, NULL, NULL, CAST(N'2019-01-03 04:56:00' AS SmallDateTime), 1, NULL, NULL)
GO
INSERT [dbo].[tbl_StockLog] ([LogID], [ProductID], [BranchID], [StockIN], [StockOut], [InvoiceDate], [CostPrice], [SalePrice], [Location], [OrderID], [OrderTypeID], [UserReferenceID], [InReference], [InReferenceID], [OutReference], [OutReferenceID], [Detail], [AddOn], [AddBy], [IsActive], [AccountID]) VALUES (1025, 3, 9001, 10, NULL, CAST(N'2019-01-12 00:00:00' AS SmallDateTime), CAST(4.80 AS Decimal(9, 2)), CAST(4.10 AS Decimal(9, 2)), N'14.B', 2004, 1, N'1111', N'Purchase', NULL, NULL, NULL, NULL, CAST(N'2019-01-12 07:22:00' AS SmallDateTime), 1, NULL, 1008)
GO
INSERT [dbo].[tbl_StockLog] ([LogID], [ProductID], [BranchID], [StockIN], [StockOut], [InvoiceDate], [CostPrice], [SalePrice], [Location], [OrderID], [OrderTypeID], [UserReferenceID], [InReference], [InReferenceID], [OutReference], [OutReferenceID], [Detail], [AddOn], [AddBy], [IsActive], [AccountID]) VALUES (1026, 2007, 9001, 5, NULL, CAST(N'2019-01-12 00:00:00' AS SmallDateTime), CAST(107.80 AS Decimal(9, 2)), CAST(109.00 AS Decimal(9, 2)), N'store', 2004, 1, N'1111', N'Purchase', NULL, NULL, NULL, NULL, CAST(N'2019-01-12 07:22:00' AS SmallDateTime), 1, NULL, 1008)
GO
INSERT [dbo].[tbl_StockLog] ([LogID], [ProductID], [BranchID], [StockIN], [StockOut], [InvoiceDate], [CostPrice], [SalePrice], [Location], [OrderID], [OrderTypeID], [UserReferenceID], [InReference], [InReferenceID], [OutReference], [OutReferenceID], [Detail], [AddOn], [AddBy], [IsActive], [AccountID]) VALUES (1027, 3, 9001, NULL, 1, CAST(N'2019-01-12 00:00:00' AS SmallDateTime), CAST(3.40 AS Decimal(9, 2)), NULL, NULL, 3, 2, NULL, NULL, NULL, N'Purchase Return', NULL, NULL, CAST(N'2019-01-12 07:23:00' AS SmallDateTime), 1, NULL, 1008)
GO
INSERT [dbo].[tbl_StockLog] ([LogID], [ProductID], [BranchID], [StockIN], [StockOut], [InvoiceDate], [CostPrice], [SalePrice], [Location], [OrderID], [OrderTypeID], [UserReferenceID], [InReference], [InReferenceID], [OutReference], [OutReferenceID], [Detail], [AddOn], [AddBy], [IsActive], [AccountID]) VALUES (1028, 2007, 9001, NULL, 1, CAST(N'2019-01-12 00:00:00' AS SmallDateTime), CAST(105.00 AS Decimal(9, 2)), NULL, NULL, 3, 2, NULL, NULL, NULL, N'Purchase Return', NULL, NULL, CAST(N'2019-01-12 07:23:00' AS SmallDateTime), 1, NULL, 1008)
GO
INSERT [dbo].[tbl_StockLog] ([LogID], [ProductID], [BranchID], [StockIN], [StockOut], [InvoiceDate], [CostPrice], [SalePrice], [Location], [OrderID], [OrderTypeID], [UserReferenceID], [InReference], [InReferenceID], [OutReference], [OutReferenceID], [Detail], [AddOn], [AddBy], [IsActive], [AccountID]) VALUES (1029, 1010, 9001, 10, NULL, CAST(N'2019-01-12 00:00:00' AS SmallDateTime), CAST(6.53 AS Decimal(9, 2)), CAST(1.00 AS Decimal(9, 2)), N'53-b', 2005, 1, N'1122', N'Purchase', NULL, NULL, NULL, NULL, CAST(N'2019-01-12 07:28:00' AS SmallDateTime), 1, NULL, 1001)
GO
INSERT [dbo].[tbl_StockLog] ([LogID], [ProductID], [BranchID], [StockIN], [StockOut], [InvoiceDate], [CostPrice], [SalePrice], [Location], [OrderID], [OrderTypeID], [UserReferenceID], [InReference], [InReferenceID], [OutReference], [OutReferenceID], [Detail], [AddOn], [AddBy], [IsActive], [AccountID]) VALUES (1030, 3, 9001, NULL, 6, CAST(N'2019-01-12 00:00:00' AS SmallDateTime), NULL, CAST(5.00 AS Decimal(9, 2)), N'14.B', 1, 3, N'1234', NULL, NULL, N'Sales', NULL, NULL, CAST(N'2019-01-12 07:34:00' AS SmallDateTime), 1, NULL, 1009)
GO
INSERT [dbo].[tbl_StockLog] ([LogID], [ProductID], [BranchID], [StockIN], [StockOut], [InvoiceDate], [CostPrice], [SalePrice], [Location], [OrderID], [OrderTypeID], [UserReferenceID], [InReference], [InReferenceID], [OutReference], [OutReferenceID], [Detail], [AddOn], [AddBy], [IsActive], [AccountID]) VALUES (1031, 3, 9001, NULL, 2, CAST(N'2019-01-12 00:00:00' AS SmallDateTime), NULL, CAST(5.00 AS Decimal(9, 2)), N'14.B', 2, 3, NULL, NULL, NULL, N'Sales', NULL, NULL, CAST(N'2019-01-12 07:35:00' AS SmallDateTime), 1, NULL, 1009)
GO
INSERT [dbo].[tbl_StockLog] ([LogID], [ProductID], [BranchID], [StockIN], [StockOut], [InvoiceDate], [CostPrice], [SalePrice], [Location], [OrderID], [OrderTypeID], [UserReferenceID], [InReference], [InReferenceID], [OutReference], [OutReferenceID], [Detail], [AddOn], [AddBy], [IsActive], [AccountID]) VALUES (1032, 3, 9001, NULL, 10, CAST(N'2019-01-12 00:00:00' AS SmallDateTime), NULL, CAST(6.00 AS Decimal(9, 2)), N'14.B', 2009, 3, NULL, NULL, NULL, N'Sales', NULL, NULL, CAST(N'2019-01-12 07:48:00' AS SmallDateTime), 1, NULL, 1009)
GO
INSERT [dbo].[tbl_StockLog] ([LogID], [ProductID], [BranchID], [StockIN], [StockOut], [InvoiceDate], [CostPrice], [SalePrice], [Location], [OrderID], [OrderTypeID], [UserReferenceID], [InReference], [InReferenceID], [OutReference], [OutReferenceID], [Detail], [AddOn], [AddBy], [IsActive], [AccountID]) VALUES (1033, 3, 9001, 1, NULL, CAST(N'2019-01-12 00:00:00' AS SmallDateTime), NULL, NULL, NULL, 2, 4, N'1009', N'Sales Return', NULL, NULL, NULL, NULL, CAST(N'2019-01-12 07:51:00' AS SmallDateTime), 1, NULL, NULL)
GO
INSERT [dbo].[tbl_StockLog] ([LogID], [ProductID], [BranchID], [StockIN], [StockOut], [InvoiceDate], [CostPrice], [SalePrice], [Location], [OrderID], [OrderTypeID], [UserReferenceID], [InReference], [InReferenceID], [OutReference], [OutReferenceID], [Detail], [AddOn], [AddBy], [IsActive], [AccountID]) VALUES (1034, 3, 9001, 1, NULL, CAST(N'2019-01-12 00:00:00' AS SmallDateTime), NULL, NULL, NULL, 2, 4, N'1009', N'Sales Return', NULL, NULL, NULL, NULL, CAST(N'2019-01-12 07:51:00' AS SmallDateTime), 1, NULL, NULL)
GO
INSERT [dbo].[tbl_StockLog] ([LogID], [ProductID], [BranchID], [StockIN], [StockOut], [InvoiceDate], [CostPrice], [SalePrice], [Location], [OrderID], [OrderTypeID], [UserReferenceID], [InReference], [InReferenceID], [OutReference], [OutReferenceID], [Detail], [AddOn], [AddBy], [IsActive], [AccountID]) VALUES (1035, 2007, 9001, NULL, 2, CAST(N'2019-01-12 03:01:00' AS SmallDateTime), NULL, NULL, NULL, NULL, 6, NULL, NULL, NULL, N'Stock Moving', NULL, NULL, CAST(N'2019-01-12 03:01:00' AS SmallDateTime), 1, NULL, NULL)
GO
INSERT [dbo].[tbl_StockLog] ([LogID], [ProductID], [BranchID], [StockIN], [StockOut], [InvoiceDate], [CostPrice], [SalePrice], [Location], [OrderID], [OrderTypeID], [UserReferenceID], [InReference], [InReferenceID], [OutReference], [OutReferenceID], [Detail], [AddOn], [AddBy], [IsActive], [AccountID]) VALUES (1036, 2007, 9004, 2, NULL, CAST(N'2019-01-12 03:01:00' AS SmallDateTime), NULL, NULL, NULL, NULL, 5, NULL, N'Stock Moving', NULL, NULL, NULL, NULL, CAST(N'2019-01-12 03:01:00' AS SmallDateTime), 1, NULL, NULL)
GO
INSERT [dbo].[tbl_StockLog] ([LogID], [ProductID], [BranchID], [StockIN], [StockOut], [InvoiceDate], [CostPrice], [SalePrice], [Location], [OrderID], [OrderTypeID], [UserReferenceID], [InReference], [InReferenceID], [OutReference], [OutReferenceID], [Detail], [AddOn], [AddBy], [IsActive], [AccountID]) VALUES (1037, 3, 9001, NULL, 1, CAST(N'2019-01-13 00:00:00' AS SmallDateTime), CAST(3.40 AS Decimal(9, 2)), NULL, NULL, 4, 2, NULL, NULL, NULL, N'Purchase Return', NULL, NULL, CAST(N'2019-01-13 07:35:00' AS SmallDateTime), 1, NULL, 1008)
GO
INSERT [dbo].[tbl_StockLog] ([LogID], [ProductID], [BranchID], [StockIN], [StockOut], [InvoiceDate], [CostPrice], [SalePrice], [Location], [OrderID], [OrderTypeID], [UserReferenceID], [InReference], [InReferenceID], [OutReference], [OutReferenceID], [Detail], [AddOn], [AddBy], [IsActive], [AccountID]) VALUES (1038, 2007, 9001, NULL, 1, CAST(N'2019-01-13 00:00:00' AS SmallDateTime), CAST(105.00 AS Decimal(9, 2)), NULL, NULL, 4, 2, NULL, NULL, NULL, N'Purchase Return', NULL, NULL, CAST(N'2019-01-13 07:35:00' AS SmallDateTime), 1, NULL, 1008)
GO
INSERT [dbo].[tbl_StockLog] ([LogID], [ProductID], [BranchID], [StockIN], [StockOut], [InvoiceDate], [CostPrice], [SalePrice], [Location], [OrderID], [OrderTypeID], [UserReferenceID], [InReference], [InReferenceID], [OutReference], [OutReferenceID], [Detail], [AddOn], [AddBy], [IsActive], [AccountID]) VALUES (1039, 3, 9001, 100, NULL, CAST(N'2019-01-13 00:00:00' AS SmallDateTime), CAST(3.46 AS Decimal(9, 2)), NULL, N'14.B', 2006, 1, N'2222', N'Purchase', NULL, NULL, NULL, NULL, CAST(N'2019-01-13 13:34:00' AS SmallDateTime), 1, NULL, 1002)
GO
INSERT [dbo].[tbl_StockLog] ([LogID], [ProductID], [BranchID], [StockIN], [StockOut], [InvoiceDate], [CostPrice], [SalePrice], [Location], [OrderID], [OrderTypeID], [UserReferenceID], [InReference], [InReferenceID], [OutReference], [OutReferenceID], [Detail], [AddOn], [AddBy], [IsActive], [AccountID]) VALUES (1040, 1022, 9001, 2, NULL, CAST(N'2019-01-13 00:00:00' AS SmallDateTime), CAST(9.62 AS Decimal(9, 2)), NULL, N'79A', 2006, 1, N'2222', N'Purchase', NULL, NULL, NULL, NULL, CAST(N'2019-01-13 13:34:00' AS SmallDateTime), 1, NULL, 1002)
GO
INSERT [dbo].[tbl_StockLog] ([LogID], [ProductID], [BranchID], [StockIN], [StockOut], [InvoiceDate], [CostPrice], [SalePrice], [Location], [OrderID], [OrderTypeID], [UserReferenceID], [InReference], [InReferenceID], [OutReference], [OutReferenceID], [Detail], [AddOn], [AddBy], [IsActive], [AccountID]) VALUES (1041, 1028, 9001, 2, NULL, CAST(N'2019-01-13 00:00:00' AS SmallDateTime), CAST(24.06 AS Decimal(9, 2)), NULL, N'61-J', 2006, 1, N'2222', N'Purchase', NULL, NULL, NULL, NULL, CAST(N'2019-01-13 13:34:00' AS SmallDateTime), 1, NULL, 1002)
GO
INSERT [dbo].[tbl_StockLog] ([LogID], [ProductID], [BranchID], [StockIN], [StockOut], [InvoiceDate], [CostPrice], [SalePrice], [Location], [OrderID], [OrderTypeID], [UserReferenceID], [InReference], [InReferenceID], [OutReference], [OutReferenceID], [Detail], [AddOn], [AddBy], [IsActive], [AccountID]) VALUES (1042, 2011, 9001, 6, NULL, CAST(N'2019-01-13 00:00:00' AS SmallDateTime), CAST(16.77 AS Decimal(9, 2)), CAST(17.50 AS Decimal(9, 2)), N'back', 2006, 1, N'2222', N'Purchase', NULL, NULL, NULL, NULL, CAST(N'2019-01-13 13:34:00' AS SmallDateTime), 1, NULL, 1002)
GO
INSERT [dbo].[tbl_StockLog] ([LogID], [ProductID], [BranchID], [StockIN], [StockOut], [InvoiceDate], [CostPrice], [SalePrice], [Location], [OrderID], [OrderTypeID], [UserReferenceID], [InReference], [InReferenceID], [OutReference], [OutReferenceID], [Detail], [AddOn], [AddBy], [IsActive], [AccountID]) VALUES (1043, 3, 9001, NULL, 1, CAST(N'2019-01-16 06:23:00' AS SmallDateTime), NULL, NULL, NULL, NULL, 6, NULL, NULL, NULL, N'Stock Moving', NULL, NULL, CAST(N'2019-01-16 06:23:00' AS SmallDateTime), 1, NULL, NULL)
GO
INSERT [dbo].[tbl_StockLog] ([LogID], [ProductID], [BranchID], [StockIN], [StockOut], [InvoiceDate], [CostPrice], [SalePrice], [Location], [OrderID], [OrderTypeID], [UserReferenceID], [InReference], [InReferenceID], [OutReference], [OutReferenceID], [Detail], [AddOn], [AddBy], [IsActive], [AccountID]) VALUES (1044, 3, 9002, 1, NULL, CAST(N'2019-01-16 06:23:00' AS SmallDateTime), NULL, NULL, NULL, NULL, 5, NULL, N'Stock Moving', NULL, NULL, NULL, NULL, CAST(N'2019-01-16 06:23:00' AS SmallDateTime), 1, NULL, NULL)
GO
INSERT [dbo].[tbl_StockLog] ([LogID], [ProductID], [BranchID], [StockIN], [StockOut], [InvoiceDate], [CostPrice], [SalePrice], [Location], [OrderID], [OrderTypeID], [UserReferenceID], [InReference], [InReferenceID], [OutReference], [OutReferenceID], [Detail], [AddOn], [AddBy], [IsActive], [AccountID]) VALUES (1045, 2007, 9004, NULL, 1, CAST(N'2019-01-21 10:05:00' AS SmallDateTime), NULL, NULL, NULL, NULL, 6, NULL, NULL, NULL, N'Stock Moving', NULL, NULL, CAST(N'2019-01-21 10:05:00' AS SmallDateTime), 1, NULL, NULL)
GO
INSERT [dbo].[tbl_StockLog] ([LogID], [ProductID], [BranchID], [StockIN], [StockOut], [InvoiceDate], [CostPrice], [SalePrice], [Location], [OrderID], [OrderTypeID], [UserReferenceID], [InReference], [InReferenceID], [OutReference], [OutReferenceID], [Detail], [AddOn], [AddBy], [IsActive], [AccountID]) VALUES (1046, 2007, 9002, 1, NULL, CAST(N'2019-01-21 10:05:00' AS SmallDateTime), NULL, NULL, NULL, NULL, 5, NULL, N'Stock Moving', NULL, NULL, NULL, NULL, CAST(N'2019-01-21 10:05:00' AS SmallDateTime), 1, NULL, NULL)
GO
SET IDENTITY_INSERT [dbo].[tbl_StockLog] OFF
GO
SET IDENTITY_INSERT [dbo].[tbl_StockMoving] ON 

GO
INSERT [dbo].[tbl_StockMoving] ([ID], [ProductID], [FromBranchID], [ToBranchID], [StockMoved], [StockReceived], [Date], [Location], [Detail], [AddOn], [AddBy], [IsActive], [isReceived], [ReceivedBy], [ReceivedOn]) VALUES (1, 3, 9001, 9002, 1, 1, CAST(N'2019-01-08 00:14:00' AS SmallDateTime), N'14.B', N'Testing ', CAST(N'2019-01-08 00:14:00' AS SmallDateTime), 1, NULL, 1, NULL, CAST(N'2019-01-16 11:23:00' AS SmallDateTime))
GO
INSERT [dbo].[tbl_StockMoving] ([ID], [ProductID], [FromBranchID], [ToBranchID], [StockMoved], [StockReceived], [Date], [Location], [Detail], [AddOn], [AddBy], [IsActive], [isReceived], [ReceivedBy], [ReceivedOn]) VALUES (2, 2007, 9001, 9004, 2, 2, CAST(N'2019-01-12 03:00:00' AS SmallDateTime), N'store', N'from main', CAST(N'2019-01-12 03:00:00' AS SmallDateTime), 1, NULL, 1, NULL, CAST(N'2019-01-12 08:01:00' AS SmallDateTime))
GO
INSERT [dbo].[tbl_StockMoving] ([ID], [ProductID], [FromBranchID], [ToBranchID], [StockMoved], [StockReceived], [Date], [Location], [Detail], [AddOn], [AddBy], [IsActive], [isReceived], [ReceivedBy], [ReceivedOn]) VALUES (3, 3, 9001, 9002, 4, 0, CAST(N'2019-01-16 06:23:00' AS SmallDateTime), N'14.B', NULL, CAST(N'2019-01-16 06:23:00' AS SmallDateTime), 1, NULL, 0, NULL, NULL)
GO
INSERT [dbo].[tbl_StockMoving] ([ID], [ProductID], [FromBranchID], [ToBranchID], [StockMoved], [StockReceived], [Date], [Location], [Detail], [AddOn], [AddBy], [IsActive], [isReceived], [ReceivedBy], [ReceivedOn]) VALUES (4, 3, 9003, 9002, 1, 0, CAST(N'2019-01-16 06:23:00' AS SmallDateTime), N'14.B', NULL, CAST(N'2019-01-16 06:23:00' AS SmallDateTime), 1, NULL, 0, NULL, NULL)
GO
INSERT [dbo].[tbl_StockMoving] ([ID], [ProductID], [FromBranchID], [ToBranchID], [StockMoved], [StockReceived], [Date], [Location], [Detail], [AddOn], [AddBy], [IsActive], [isReceived], [ReceivedBy], [ReceivedOn]) VALUES (5, 3, 9004, 9002, 1, 0, CAST(N'2019-01-16 06:23:00' AS SmallDateTime), N'14.B', NULL, CAST(N'2019-01-16 06:23:00' AS SmallDateTime), 1, NULL, 0, NULL, NULL)
GO
INSERT [dbo].[tbl_StockMoving] ([ID], [ProductID], [FromBranchID], [ToBranchID], [StockMoved], [StockReceived], [Date], [Location], [Detail], [AddOn], [AddBy], [IsActive], [isReceived], [ReceivedBy], [ReceivedOn]) VALUES (6, 2007, 9004, 9002, 1, 1, CAST(N'2019-01-21 10:05:00' AS SmallDateTime), N'14.b', NULL, CAST(N'2019-01-21 10:05:00' AS SmallDateTime), 1, NULL, 1, NULL, CAST(N'2019-01-21 15:05:00' AS SmallDateTime))
GO
SET IDENTITY_INSERT [dbo].[tbl_StockMoving] OFF
GO
SET IDENTITY_INSERT [dbo].[tbl_Stock] ON 

GO
INSERT [dbo].[tbl_Stock] ([StockID], [ProductID], [BranchID], [Location], [Qty], [CostPrice], [SalePrice], [Cabinet], [RackNO], [Addon], [AddBy], [UpdateOn], [UpdateBy], [OnMove]) VALUES (1, 1010, 9003, N'53.I', 100, CAST(120.95 AS Decimal(9, 2)), CAST(20.00 AS Decimal(9, 2)), NULL, NULL, CAST(N'2018-12-18 10:05:00' AS SmallDateTime), NULL, CAST(N'2018-12-31 11:52:00' AS SmallDateTime), NULL, 0)
GO
INSERT [dbo].[tbl_Stock] ([StockID], [ProductID], [BranchID], [Location], [Qty], [CostPrice], [SalePrice], [Cabinet], [RackNO], [Addon], [AddBy], [UpdateOn], [UpdateBy], [OnMove]) VALUES (2, 1022, 9003, N'79A', 0, CAST(6.56 AS Decimal(9, 2)), CAST(10.00 AS Decimal(9, 2)), NULL, NULL, CAST(N'2018-12-18 10:05:00' AS SmallDateTime), NULL, CAST(N'2018-12-18 10:47:00' AS SmallDateTime), NULL, 0)
GO
INSERT [dbo].[tbl_Stock] ([StockID], [ProductID], [BranchID], [Location], [Qty], [CostPrice], [SalePrice], [Cabinet], [RackNO], [Addon], [AddBy], [UpdateOn], [UpdateBy], [OnMove]) VALUES (3, 1021, 9003, N'81-D', 8, CAST(9.00 AS Decimal(9, 2)), CAST(20.00 AS Decimal(9, 2)), NULL, NULL, CAST(N'2018-12-18 10:05:00' AS SmallDateTime), NULL, NULL, NULL, 0)
GO
INSERT [dbo].[tbl_Stock] ([StockID], [ProductID], [BranchID], [Location], [Qty], [CostPrice], [SalePrice], [Cabinet], [RackNO], [Addon], [AddBy], [UpdateOn], [UpdateBy], [OnMove]) VALUES (4, 1037, 9003, N'54-C', 10, CAST(5.55 AS Decimal(9, 2)), CAST(80.00 AS Decimal(9, 2)), NULL, NULL, CAST(N'2018-12-18 10:19:00' AS SmallDateTime), NULL, NULL, NULL, 0)
GO
INSERT [dbo].[tbl_Stock] ([StockID], [ProductID], [BranchID], [Location], [Qty], [CostPrice], [SalePrice], [Cabinet], [RackNO], [Addon], [AddBy], [UpdateOn], [UpdateBy], [OnMove]) VALUES (5, 5, 9003, N'volvo f12', 480, CAST(234.91 AS Decimal(9, 2)), CAST(15.00 AS Decimal(9, 2)), NULL, NULL, CAST(N'2018-12-18 10:46:00' AS SmallDateTime), NULL, CAST(N'2018-12-19 14:35:00' AS SmallDateTime), NULL, 0)
GO
INSERT [dbo].[tbl_Stock] ([StockID], [ProductID], [BranchID], [Location], [Qty], [CostPrice], [SalePrice], [Cabinet], [RackNO], [Addon], [AddBy], [UpdateOn], [UpdateBy], [OnMove]) VALUES (6, 1021, 9001, N'"81-D"', -5, CAST(9.00 AS Decimal(9, 2)), CAST(8.00 AS Decimal(9, 2)), NULL, NULL, CAST(N'2018-12-18 11:16:00' AS SmallDateTime), NULL, NULL, NULL, 0)
GO
INSERT [dbo].[tbl_Stock] ([StockID], [ProductID], [BranchID], [Location], [Qty], [CostPrice], [SalePrice], [Cabinet], [RackNO], [Addon], [AddBy], [UpdateOn], [UpdateBy], [OnMove]) VALUES (7, 5, 9002, NULL, 5, CAST(234.91 AS Decimal(9, 2)), CAST(500.00 AS Decimal(9, 2)), NULL, NULL, CAST(N'2018-12-18 12:07:00' AS SmallDateTime), NULL, CAST(N'2018-12-19 14:53:00' AS SmallDateTime), NULL, 0)
GO
INSERT [dbo].[tbl_Stock] ([StockID], [ProductID], [BranchID], [Location], [Qty], [CostPrice], [SalePrice], [Cabinet], [RackNO], [Addon], [AddBy], [UpdateOn], [UpdateBy], [OnMove]) VALUES (8, 5, 9004, NULL, 5, CAST(234.91 AS Decimal(9, 2)), CAST(15.00 AS Decimal(9, 2)), NULL, NULL, CAST(N'2018-12-18 12:17:00' AS SmallDateTime), NULL, NULL, NULL, 0)
GO
INSERT [dbo].[tbl_Stock] ([StockID], [ProductID], [BranchID], [Location], [Qty], [CostPrice], [SalePrice], [Cabinet], [RackNO], [Addon], [AddBy], [UpdateOn], [UpdateBy], [OnMove]) VALUES (9, 1063, 9001, N'volvo f12', 50, CAST(141.13 AS Decimal(9, 2)), CAST(150.00 AS Decimal(9, 2)), NULL, NULL, CAST(N'2018-12-19 14:04:00' AS SmallDateTime), NULL, NULL, NULL, 0)
GO
INSERT [dbo].[tbl_Stock] ([StockID], [ProductID], [BranchID], [Location], [Qty], [CostPrice], [SalePrice], [Cabinet], [RackNO], [Addon], [AddBy], [UpdateOn], [UpdateBy], [OnMove]) VALUES (10, 1020, 9001, NULL, 30, CAST(521.13 AS Decimal(9, 2)), CAST(4.50 AS Decimal(9, 2)), NULL, NULL, CAST(N'2018-12-19 14:04:00' AS SmallDateTime), NULL, CAST(N'2018-12-26 05:45:00' AS SmallDateTime), NULL, 0)
GO
INSERT [dbo].[tbl_Stock] ([StockID], [ProductID], [BranchID], [Location], [Qty], [CostPrice], [SalePrice], [Cabinet], [RackNO], [Addon], [AddBy], [UpdateOn], [UpdateBy], [OnMove]) VALUES (11, 1063, 9002, N'L01', -5, CAST(141.13 AS Decimal(9, 2)), CAST(400.00 AS Decimal(9, 2)), NULL, NULL, CAST(N'2018-12-19 14:53:00' AS SmallDateTime), NULL, NULL, NULL, 0)
GO
INSERT [dbo].[tbl_Stock] ([StockID], [ProductID], [BranchID], [Location], [Qty], [CostPrice], [SalePrice], [Cabinet], [RackNO], [Addon], [AddBy], [UpdateOn], [UpdateBy], [OnMove]) VALUES (1002, 2009, 9001, NULL, 0, CAST(80.78 AS Decimal(9, 2)), CAST(78.00 AS Decimal(9, 2)), NULL, NULL, CAST(N'2018-12-24 06:28:00' AS SmallDateTime), NULL, CAST(N'2018-12-24 06:43:00' AS SmallDateTime), NULL, 0)
GO
INSERT [dbo].[tbl_Stock] ([StockID], [ProductID], [BranchID], [Location], [Qty], [CostPrice], [SalePrice], [Cabinet], [RackNO], [Addon], [AddBy], [UpdateOn], [UpdateBy], [OnMove]) VALUES (1003, 2008, 9001, N'volvo f12', -1, CAST(119.18 AS Decimal(9, 2)), CAST(115.00 AS Decimal(9, 2)), NULL, NULL, CAST(N'2018-12-24 06:28:00' AS SmallDateTime), NULL, CAST(N'2018-12-26 05:44:00' AS SmallDateTime), NULL, 0)
GO
INSERT [dbo].[tbl_Stock] ([StockID], [ProductID], [BranchID], [Location], [Qty], [CostPrice], [SalePrice], [Cabinet], [RackNO], [Addon], [AddBy], [UpdateOn], [UpdateBy], [OnMove]) VALUES (1004, 2010, 9001, NULL, 1, CAST(37.57 AS Decimal(9, 2)), CAST(30.00 AS Decimal(9, 2)), NULL, NULL, CAST(N'2018-12-24 06:28:00' AS SmallDateTime), NULL, CAST(N'2018-12-24 06:32:00' AS SmallDateTime), NULL, 0)
GO
INSERT [dbo].[tbl_Stock] ([StockID], [ProductID], [BranchID], [Location], [Qty], [CostPrice], [SalePrice], [Cabinet], [RackNO], [Addon], [AddBy], [UpdateOn], [UpdateBy], [OnMove]) VALUES (1005, 3, 9001, N'14.B', 94, CAST(13.38 AS Decimal(9, 2)), NULL, NULL, NULL, CAST(N'2018-12-24 06:31:00' AS SmallDateTime), NULL, CAST(N'2019-01-16 11:23:00' AS SmallDateTime), NULL, 4)
GO
INSERT [dbo].[tbl_Stock] ([StockID], [ProductID], [BranchID], [Location], [Qty], [CostPrice], [SalePrice], [Cabinet], [RackNO], [Addon], [AddBy], [UpdateOn], [UpdateBy], [OnMove]) VALUES (1006, 3, 9003, N'14.B', 10, CAST(41.83 AS Decimal(9, 2)), CAST(4.00 AS Decimal(9, 2)), NULL, NULL, CAST(N'2018-12-24 06:35:00' AS SmallDateTime), NULL, CAST(N'2019-01-16 11:23:00' AS SmallDateTime), NULL, 1)
GO
INSERT [dbo].[tbl_Stock] ([StockID], [ProductID], [BranchID], [Location], [Qty], [CostPrice], [SalePrice], [Cabinet], [RackNO], [Addon], [AddBy], [UpdateOn], [UpdateBy], [OnMove]) VALUES (1007, 1059, 9003, N'75-E', -1, CAST(60.00 AS Decimal(9, 2)), CAST(120.00 AS Decimal(9, 2)), NULL, NULL, CAST(N'2018-12-24 16:00:00' AS SmallDateTime), NULL, NULL, NULL, 0)
GO
INSERT [dbo].[tbl_Stock] ([StockID], [ProductID], [BranchID], [Location], [Qty], [CostPrice], [SalePrice], [Cabinet], [RackNO], [Addon], [AddBy], [UpdateOn], [UpdateBy], [OnMove]) VALUES (1008, 1022, 9001, N'79A', 0, CAST(8.09 AS Decimal(9, 2)), NULL, NULL, NULL, CAST(N'2018-12-26 05:46:00' AS SmallDateTime), NULL, CAST(N'2019-01-13 13:34:00' AS SmallDateTime), NULL, 0)
GO
INSERT [dbo].[tbl_Stock] ([StockID], [ProductID], [BranchID], [Location], [Qty], [CostPrice], [SalePrice], [Cabinet], [RackNO], [Addon], [AddBy], [UpdateOn], [UpdateBy], [OnMove]) VALUES (1009, 3, 9004, N'14.B', 2, CAST(41.83 AS Decimal(9, 2)), CAST(5.00 AS Decimal(9, 2)), NULL, NULL, CAST(N'2018-12-26 15:02:00' AS SmallDateTime), NULL, CAST(N'2019-01-16 11:23:00' AS SmallDateTime), NULL, 1)
GO
INSERT [dbo].[tbl_Stock] ([StockID], [ProductID], [BranchID], [Location], [Qty], [CostPrice], [SalePrice], [Cabinet], [RackNO], [Addon], [AddBy], [UpdateOn], [UpdateBy], [OnMove]) VALUES (1010, 1010, 9002, N'53.I', 6, CAST(120.95 AS Decimal(9, 2)), CAST(20.00 AS Decimal(9, 2)), NULL, NULL, CAST(N'2018-12-31 11:52:00' AS SmallDateTime), NULL, NULL, NULL, 0)
GO
INSERT [dbo].[tbl_Stock] ([StockID], [ProductID], [BranchID], [Location], [Qty], [CostPrice], [SalePrice], [Cabinet], [RackNO], [Addon], [AddBy], [UpdateOn], [UpdateBy], [OnMove]) VALUES (1011, 2007, 9001, N'store', 1, CAST(107.80 AS Decimal(9, 2)), CAST(109.00 AS Decimal(9, 2)), NULL, NULL, CAST(N'2019-01-12 07:22:00' AS SmallDateTime), NULL, CAST(N'2019-01-13 07:35:00' AS SmallDateTime), NULL, 0)
GO
INSERT [dbo].[tbl_Stock] ([StockID], [ProductID], [BranchID], [Location], [Qty], [CostPrice], [SalePrice], [Cabinet], [RackNO], [Addon], [AddBy], [UpdateOn], [UpdateBy], [OnMove]) VALUES (1012, 1010, 9001, N'53-b', 10, CAST(6.53 AS Decimal(9, 2)), CAST(1.00 AS Decimal(9, 2)), NULL, NULL, CAST(N'2019-01-12 07:28:00' AS SmallDateTime), NULL, NULL, NULL, 0)
GO
INSERT [dbo].[tbl_Stock] ([StockID], [ProductID], [BranchID], [Location], [Qty], [CostPrice], [SalePrice], [Cabinet], [RackNO], [Addon], [AddBy], [UpdateOn], [UpdateBy], [OnMove]) VALUES (1013, 2007, 9004, N'14.b', 1, NULL, NULL, NULL, NULL, CAST(N'2019-01-12 08:01:00' AS SmallDateTime), NULL, CAST(N'2019-01-21 15:05:00' AS SmallDateTime), NULL, 0)
GO
INSERT [dbo].[tbl_Stock] ([StockID], [ProductID], [BranchID], [Location], [Qty], [CostPrice], [SalePrice], [Cabinet], [RackNO], [Addon], [AddBy], [UpdateOn], [UpdateBy], [OnMove]) VALUES (1014, 1028, 9001, N'61-J', 2, CAST(24.06 AS Decimal(9, 2)), NULL, NULL, NULL, CAST(N'2019-01-13 13:34:00' AS SmallDateTime), NULL, NULL, NULL, 0)
GO
INSERT [dbo].[tbl_Stock] ([StockID], [ProductID], [BranchID], [Location], [Qty], [CostPrice], [SalePrice], [Cabinet], [RackNO], [Addon], [AddBy], [UpdateOn], [UpdateBy], [OnMove]) VALUES (1015, 2011, 9001, N'back', 6, CAST(16.77 AS Decimal(9, 2)), CAST(17.50 AS Decimal(9, 2)), NULL, NULL, CAST(N'2019-01-13 13:34:00' AS SmallDateTime), NULL, NULL, NULL, 0)
GO
INSERT [dbo].[tbl_Stock] ([StockID], [ProductID], [BranchID], [Location], [Qty], [CostPrice], [SalePrice], [Cabinet], [RackNO], [Addon], [AddBy], [UpdateOn], [UpdateBy], [OnMove]) VALUES (1016, 3, 9002, N'14.B', 1, NULL, NULL, NULL, NULL, CAST(N'2019-01-16 11:23:00' AS SmallDateTime), NULL, NULL, NULL, NULL)
GO
INSERT [dbo].[tbl_Stock] ([StockID], [ProductID], [BranchID], [Location], [Qty], [CostPrice], [SalePrice], [Cabinet], [RackNO], [Addon], [AddBy], [UpdateOn], [UpdateBy], [OnMove]) VALUES (1017, 2007, 9002, N'28.b', 1, NULL, NULL, NULL, NULL, CAST(N'2019-01-21 15:05:00' AS SmallDateTime), NULL, NULL, NULL, NULL)
GO
SET IDENTITY_INSERT [dbo].[tbl_Stock] OFF
GO
SET IDENTITY_INSERT [dbo].[tbl_PaymentLog] ON 

GO
INSERT [dbo].[tbl_PaymentLog] ([LogID], [BranchID], [Received], [Paid], [Date], [JEntryID], [OrderID], [JEntryTypeID], [UserReferenceID], [Detail], [AddOn], [AddBy], [IsActive]) VALUES (1, NULL, NULL, CAST(459.90 AS Decimal(18, 2)), CAST(N'2019-01-12 00:00:00' AS SmallDateTime), 1022, 2002, 1, NULL, NULL, CAST(N'2019-01-12 08:04:00' AS SmallDateTime), 1, 1)
GO
INSERT [dbo].[tbl_PaymentLog] ([LogID], [BranchID], [Received], [Paid], [Date], [JEntryID], [OrderID], [JEntryTypeID], [UserReferenceID], [Detail], [AddOn], [AddBy], [IsActive]) VALUES (2, NULL, CAST(40.00 AS Decimal(18, 2)), NULL, CAST(N'2019-01-12 00:00:00' AS SmallDateTime), 1023, 2008, 2, NULL, NULL, CAST(N'2019-01-12 08:05:00' AS SmallDateTime), 1, 1)
GO
INSERT [dbo].[tbl_PaymentLog] ([LogID], [BranchID], [Received], [Paid], [Date], [JEntryID], [OrderID], [JEntryTypeID], [UserReferenceID], [Detail], [AddOn], [AddBy], [IsActive]) VALUES (3, NULL, CAST(40.00 AS Decimal(18, 2)), NULL, CAST(N'2019-01-14 00:00:00' AS SmallDateTime), 1024, 2009, 2, NULL, NULL, CAST(N'2019-01-13 07:33:00' AS SmallDateTime), 1, 1)
GO
SET IDENTITY_INSERT [dbo].[tbl_PaymentLog] OFF
GO
SET IDENTITY_INSERT [dbo].[tbl_DODetails] ON 

GO
INSERT [dbo].[tbl_DODetails] ([DetailID], [OrderID], [ProductID], [Qty], [UnitPrice], [SalePrice], [Total], [UpdateOn], [UpdateBy], [IsDeleted]) VALUES (1, 1, 3, 6, NULL, CAST(5.00 AS Decimal(9, 2)), CAST(30.00 AS Decimal(9, 2)), NULL, NULL, NULL)
GO
INSERT [dbo].[tbl_DODetails] ([DetailID], [OrderID], [ProductID], [Qty], [UnitPrice], [SalePrice], [Total], [UpdateOn], [UpdateBy], [IsDeleted]) VALUES (2, 2, 3, 2, NULL, CAST(5.00 AS Decimal(9, 2)), CAST(10.00 AS Decimal(9, 2)), NULL, NULL, NULL)
GO
SET IDENTITY_INSERT [dbo].[tbl_DODetails] OFF
GO
SET IDENTITY_INSERT [dbo].[tbl_QuoteDetails] ON 

GO
INSERT [dbo].[tbl_QuoteDetails] ([DetailID], [OrderID], [PartNo], [ProductID], [Qty], [UnitPrice], [SalePrice], [Total], [ExchangeRate], [DiscountPercent], [DiscountAmount], [UpdateOn], [UpdateBy], [ReturnedQty], [IsReturned], [IsDeleted]) VALUES (1, 1, N'000 989 0825 00', 3, 10, NULL, CAST(50.00 AS Decimal(9, 2)), CAST(500.00 AS Decimal(9, 2)), NULL, NULL, NULL, NULL, NULL, 0, 0, NULL)
GO
INSERT [dbo].[tbl_QuoteDetails] ([DetailID], [OrderID], [PartNo], [ProductID], [Qty], [UnitPrice], [SalePrice], [Total], [ExchangeRate], [DiscountPercent], [DiscountAmount], [UpdateOn], [UpdateBy], [ReturnedQty], [IsReturned], [IsDeleted]) VALUES (2, 1, N'009998219 89', 7, 20, NULL, CAST(50.00 AS Decimal(9, 2)), CAST(1000.00 AS Decimal(9, 2)), NULL, NULL, NULL, NULL, NULL, 0, 0, NULL)
GO
INSERT [dbo].[tbl_QuoteDetails] ([DetailID], [OrderID], [PartNo], [ProductID], [Qty], [UnitPrice], [SalePrice], [Total], [ExchangeRate], [DiscountPercent], [DiscountAmount], [UpdateOn], [UpdateBy], [ReturnedQty], [IsReturned], [IsDeleted]) VALUES (3, 2, N'16015 FAJ', 1021, 5, NULL, CAST(8.00 AS Decimal(9, 2)), CAST(40.00 AS Decimal(9, 2)), NULL, NULL, NULL, NULL, NULL, 0, 0, NULL)
GO
INSERT [dbo].[tbl_QuoteDetails] ([DetailID], [OrderID], [PartNo], [ProductID], [Qty], [UnitPrice], [SalePrice], [Total], [ExchangeRate], [DiscountPercent], [DiscountAmount], [UpdateOn], [UpdateBy], [ReturnedQty], [IsReturned], [IsDeleted]) VALUES (4, 3, N'000 989 0825 00', 3, 50, NULL, CAST(60.00 AS Decimal(9, 2)), CAST(3000.00 AS Decimal(9, 2)), NULL, NULL, NULL, NULL, NULL, 0, 0, NULL)
GO
INSERT [dbo].[tbl_QuoteDetails] ([DetailID], [OrderID], [PartNo], [ProductID], [Qty], [UnitPrice], [SalePrice], [Total], [ExchangeRate], [DiscountPercent], [DiscountAmount], [UpdateOn], [UpdateBy], [ReturnedQty], [IsReturned], [IsDeleted]) VALUES (5, 4, N'000 989 0825 00', 3, 1, NULL, CAST(3.80 AS Decimal(9, 2)), CAST(3.80 AS Decimal(9, 2)), NULL, NULL, NULL, NULL, NULL, 0, 0, NULL)
GO
INSERT [dbo].[tbl_QuoteDetails] ([DetailID], [OrderID], [PartNo], [ProductID], [Qty], [UnitPrice], [SalePrice], [Total], [ExchangeRate], [DiscountPercent], [DiscountAmount], [UpdateOn], [UpdateBy], [ReturnedQty], [IsReturned], [IsDeleted]) VALUES (6, 4, N'000 090 0751S 01', 1011, 2, NULL, CAST(2.00 AS Decimal(9, 2)), CAST(4.00 AS Decimal(9, 2)), NULL, NULL, NULL, NULL, NULL, 0, 0, NULL)
GO
INSERT [dbo].[tbl_QuoteDetails] ([DetailID], [OrderID], [PartNo], [ProductID], [Qty], [UnitPrice], [SalePrice], [Total], [ExchangeRate], [DiscountPercent], [DiscountAmount], [UpdateOn], [UpdateBy], [ReturnedQty], [IsReturned], [IsDeleted]) VALUES (1002, 1002, N'013 250 2103 01b', 2009, 1, NULL, CAST(78.00 AS Decimal(9, 2)), CAST(78.00 AS Decimal(9, 2)), NULL, NULL, NULL, NULL, NULL, 0, 0, NULL)
GO
INSERT [dbo].[tbl_QuoteDetails] ([DetailID], [OrderID], [PartNo], [ProductID], [Qty], [UnitPrice], [SalePrice], [Total], [ExchangeRate], [DiscountPercent], [DiscountAmount], [UpdateOn], [UpdateBy], [ReturnedQty], [IsReturned], [IsDeleted]) VALUES (1003, 1002, N'000 989 0825 00', 3, 2, NULL, CAST(5.00 AS Decimal(9, 2)), CAST(10.00 AS Decimal(9, 2)), NULL, NULL, NULL, NULL, NULL, 0, 0, NULL)
GO
INSERT [dbo].[tbl_QuoteDetails] ([DetailID], [OrderID], [PartNo], [ProductID], [Qty], [UnitPrice], [SalePrice], [Total], [ExchangeRate], [DiscountPercent], [DiscountAmount], [UpdateOn], [UpdateBy], [ReturnedQty], [IsReturned], [IsDeleted]) VALUES (1004, 1002, N'1668618', 2008, 1, NULL, CAST(98.00 AS Decimal(9, 2)), CAST(98.00 AS Decimal(9, 2)), NULL, NULL, NULL, NULL, NULL, 0, 0, NULL)
GO
INSERT [dbo].[tbl_QuoteDetails] ([DetailID], [OrderID], [PartNo], [ProductID], [Qty], [UnitPrice], [SalePrice], [Total], [ExchangeRate], [DiscountPercent], [DiscountAmount], [UpdateOn], [UpdateBy], [ReturnedQty], [IsReturned], [IsDeleted]) VALUES (1005, 1003, N'000 989 0825 00', 3, 10, NULL, CAST(50.00 AS Decimal(9, 2)), CAST(500.00 AS Decimal(9, 2)), NULL, NULL, NULL, NULL, NULL, 0, 0, NULL)
GO
INSERT [dbo].[tbl_QuoteDetails] ([DetailID], [OrderID], [PartNo], [ProductID], [Qty], [UnitPrice], [SalePrice], [Total], [ExchangeRate], [DiscountPercent], [DiscountAmount], [UpdateOn], [UpdateBy], [ReturnedQty], [IsReturned], [IsDeleted]) VALUES (1006, 1003, N'009998219 89', 7, 20, NULL, CAST(50.00 AS Decimal(9, 2)), CAST(1000.00 AS Decimal(9, 2)), NULL, NULL, NULL, NULL, NULL, 0, 0, NULL)
GO
INSERT [dbo].[tbl_QuoteDetails] ([DetailID], [OrderID], [PartNo], [ProductID], [Qty], [UnitPrice], [SalePrice], [Total], [ExchangeRate], [DiscountPercent], [DiscountAmount], [UpdateOn], [UpdateBy], [ReturnedQty], [IsReturned], [IsDeleted]) VALUES (1007, 1004, N'000 989 0825 00', 3, 500, NULL, CAST(5.00 AS Decimal(9, 2)), CAST(2500.00 AS Decimal(9, 2)), NULL, NULL, NULL, NULL, NULL, 0, 0, NULL)
GO
INSERT [dbo].[tbl_QuoteDetails] ([DetailID], [OrderID], [PartNo], [ProductID], [Qty], [UnitPrice], [SalePrice], [Total], [ExchangeRate], [DiscountPercent], [DiscountAmount], [UpdateOn], [UpdateBy], [ReturnedQty], [IsReturned], [IsDeleted]) VALUES (1008, 1005, N'000 989 0825 00', 3, 1, NULL, CAST(50.00 AS Decimal(9, 2)), CAST(50.00 AS Decimal(9, 2)), NULL, NULL, NULL, NULL, NULL, 0, 0, NULL)
GO
INSERT [dbo].[tbl_QuoteDetails] ([DetailID], [OrderID], [PartNo], [ProductID], [Qty], [UnitPrice], [SalePrice], [Total], [ExchangeRate], [DiscountPercent], [DiscountAmount], [UpdateOn], [UpdateBy], [ReturnedQty], [IsReturned], [IsDeleted]) VALUES (1009, 1005, N'000 053 3558 01', 1010, 1, NULL, CAST(22.00 AS Decimal(9, 2)), CAST(22.00 AS Decimal(9, 2)), NULL, NULL, NULL, NULL, NULL, 0, 0, NULL)
GO
INSERT [dbo].[tbl_QuoteDetails] ([DetailID], [OrderID], [PartNo], [ProductID], [Qty], [UnitPrice], [SalePrice], [Total], [ExchangeRate], [DiscountPercent], [DiscountAmount], [UpdateOn], [UpdateBy], [ReturnedQty], [IsReturned], [IsDeleted]) VALUES (1010, 1005, N'000 090 0751S 01', 1011, 2, NULL, CAST(32.00 AS Decimal(9, 2)), CAST(64.00 AS Decimal(9, 2)), NULL, NULL, NULL, NULL, NULL, 0, 0, NULL)
GO
INSERT [dbo].[tbl_QuoteDetails] ([DetailID], [OrderID], [PartNo], [ProductID], [Qty], [UnitPrice], [SalePrice], [Total], [ExchangeRate], [DiscountPercent], [DiscountAmount], [UpdateOn], [UpdateBy], [ReturnedQty], [IsReturned], [IsDeleted]) VALUES (1011, 1005, N'81 30550 0094 fs', 2010, 1, NULL, CAST(38.00 AS Decimal(9, 2)), CAST(38.00 AS Decimal(9, 2)), NULL, NULL, NULL, NULL, NULL, 0, 0, NULL)
GO
INSERT [dbo].[tbl_QuoteDetails] ([DetailID], [OrderID], [PartNo], [ProductID], [Qty], [UnitPrice], [SalePrice], [Total], [ExchangeRate], [DiscountPercent], [DiscountAmount], [UpdateOn], [UpdateBy], [ReturnedQty], [IsReturned], [IsDeleted]) VALUES (1012, 1006, N'000 989 0825 00', 3, 1, NULL, CAST(50.00 AS Decimal(9, 2)), CAST(50.00 AS Decimal(9, 2)), NULL, NULL, NULL, NULL, NULL, 0, 0, NULL)
GO
INSERT [dbo].[tbl_QuoteDetails] ([DetailID], [OrderID], [PartNo], [ProductID], [Qty], [UnitPrice], [SalePrice], [Total], [ExchangeRate], [DiscountPercent], [DiscountAmount], [UpdateOn], [UpdateBy], [ReturnedQty], [IsReturned], [IsDeleted]) VALUES (1013, 1006, N'000 053 3558 01', 1010, 1, NULL, CAST(22.00 AS Decimal(9, 2)), CAST(22.00 AS Decimal(9, 2)), NULL, NULL, NULL, NULL, NULL, 0, 0, NULL)
GO
INSERT [dbo].[tbl_QuoteDetails] ([DetailID], [OrderID], [PartNo], [ProductID], [Qty], [UnitPrice], [SalePrice], [Total], [ExchangeRate], [DiscountPercent], [DiscountAmount], [UpdateOn], [UpdateBy], [ReturnedQty], [IsReturned], [IsDeleted]) VALUES (1014, 1006, N'000 090 0751S 01', 1011, 2, NULL, CAST(32.00 AS Decimal(9, 2)), CAST(64.00 AS Decimal(9, 2)), NULL, NULL, NULL, NULL, NULL, 0, 0, NULL)
GO
INSERT [dbo].[tbl_QuoteDetails] ([DetailID], [OrderID], [PartNo], [ProductID], [Qty], [UnitPrice], [SalePrice], [Total], [ExchangeRate], [DiscountPercent], [DiscountAmount], [UpdateOn], [UpdateBy], [ReturnedQty], [IsReturned], [IsDeleted]) VALUES (1015, 1006, N'81 30550 0094 fs', 2010, 1, NULL, CAST(38.00 AS Decimal(9, 2)), CAST(38.00 AS Decimal(9, 2)), NULL, NULL, NULL, NULL, NULL, 0, 0, NULL)
GO
INSERT [dbo].[tbl_QuoteDetails] ([DetailID], [OrderID], [PartNo], [ProductID], [Qty], [UnitPrice], [SalePrice], [Total], [ExchangeRate], [DiscountPercent], [DiscountAmount], [UpdateOn], [UpdateBy], [ReturnedQty], [IsReturned], [IsDeleted]) VALUES (1016, 1007, N'000 053 3558 01', 1010, 2, NULL, CAST(2.00 AS Decimal(9, 2)), CAST(4.00 AS Decimal(9, 2)), NULL, NULL, NULL, NULL, NULL, 0, 0, NULL)
GO
INSERT [dbo].[tbl_QuoteDetails] ([DetailID], [OrderID], [PartNo], [ProductID], [Qty], [UnitPrice], [SalePrice], [Total], [ExchangeRate], [DiscountPercent], [DiscountAmount], [UpdateOn], [UpdateBy], [ReturnedQty], [IsReturned], [IsDeleted]) VALUES (1017, 1008, N'1668616', 2007, 1, NULL, CAST(115.00 AS Decimal(9, 2)), CAST(115.00 AS Decimal(9, 2)), NULL, NULL, NULL, NULL, NULL, 0, 0, NULL)
GO
INSERT [dbo].[tbl_QuoteDetails] ([DetailID], [OrderID], [PartNo], [ProductID], [Qty], [UnitPrice], [SalePrice], [Total], [ExchangeRate], [DiscountPercent], [DiscountAmount], [UpdateOn], [UpdateBy], [ReturnedQty], [IsReturned], [IsDeleted]) VALUES (1018, 1009, N'000 989 0825 00', 3, 9, NULL, CAST(6.00 AS Decimal(9, 2)), CAST(54.00 AS Decimal(9, 2)), NULL, NULL, NULL, NULL, NULL, 0, 0, NULL)
GO
INSERT [dbo].[tbl_QuoteDetails] ([DetailID], [OrderID], [PartNo], [ProductID], [Qty], [UnitPrice], [SalePrice], [Total], [ExchangeRate], [DiscountPercent], [DiscountAmount], [UpdateOn], [UpdateBy], [ReturnedQty], [IsReturned], [IsDeleted]) VALUES (1019, 1010, N'000 989 0825 00', 3, 12, NULL, CAST(500.00 AS Decimal(9, 2)), CAST(6000.00 AS Decimal(9, 2)), NULL, NULL, NULL, NULL, NULL, 0, 0, NULL)
GO
INSERT [dbo].[tbl_QuoteDetails] ([DetailID], [OrderID], [PartNo], [ProductID], [Qty], [UnitPrice], [SalePrice], [Total], [ExchangeRate], [DiscountPercent], [DiscountAmount], [UpdateOn], [UpdateBy], [ReturnedQty], [IsReturned], [IsDeleted]) VALUES (1020, 1011, N'000 989 0825 00', 3, 12, NULL, CAST(500.00 AS Decimal(9, 2)), CAST(6000.00 AS Decimal(9, 2)), NULL, NULL, NULL, NULL, NULL, 0, 0, NULL)
GO
INSERT [dbo].[tbl_QuoteDetails] ([DetailID], [OrderID], [PartNo], [ProductID], [Qty], [UnitPrice], [SalePrice], [Total], [ExchangeRate], [DiscountPercent], [DiscountAmount], [UpdateOn], [UpdateBy], [ReturnedQty], [IsReturned], [IsDeleted]) VALUES (1021, 1012, N'000 989 0825 00', 3, 12, NULL, CAST(500.00 AS Decimal(9, 2)), CAST(6000.00 AS Decimal(9, 2)), NULL, NULL, NULL, NULL, NULL, 0, 0, NULL)
GO
INSERT [dbo].[tbl_QuoteDetails] ([DetailID], [OrderID], [PartNo], [ProductID], [Qty], [UnitPrice], [SalePrice], [Total], [ExchangeRate], [DiscountPercent], [DiscountAmount], [UpdateOn], [UpdateBy], [ReturnedQty], [IsReturned], [IsDeleted]) VALUES (1022, 1013, N'000 989 0825 00', 3, 12, NULL, CAST(500.00 AS Decimal(9, 2)), CAST(6000.00 AS Decimal(9, 2)), NULL, NULL, NULL, NULL, NULL, 0, 0, NULL)
GO
SET IDENTITY_INSERT [dbo].[tbl_QuoteDetails] OFF
GO
SET IDENTITY_INSERT [dbo].[tbl_SaleDetails] ON 

GO
INSERT [dbo].[tbl_SaleDetails] ([DetailID], [OrderID], [PartNo], [ProductID], [Qty], [UnitPrice], [SalePrice], [Total], [ExchangeRate], [DiscountPercent], [DiscountAmount], [UpdateOn], [UpdateBy], [ReturnedQty], [IsReturned], [IsDeleted]) VALUES (1, 1001, N'16015 FAJ', 1021, 5, NULL, CAST(8.00 AS Decimal(9, 2)), CAST(40.00 AS Decimal(9, 2)), NULL, NULL, NULL, NULL, NULL, 0, 0, NULL)
GO
INSERT [dbo].[tbl_SaleDetails] ([DetailID], [OrderID], [PartNo], [ProductID], [Qty], [UnitPrice], [SalePrice], [Total], [ExchangeRate], [DiscountPercent], [DiscountAmount], [UpdateOn], [UpdateBy], [ReturnedQty], [IsReturned], [IsDeleted]) VALUES (2, 1002, N'005149845612', 5, 10, NULL, CAST(500.00 AS Decimal(9, 2)), CAST(5000.00 AS Decimal(9, 2)), NULL, NULL, NULL, NULL, NULL, 0, 0, NULL)
GO
INSERT [dbo].[tbl_SaleDetails] ([DetailID], [OrderID], [PartNo], [ProductID], [Qty], [UnitPrice], [SalePrice], [Total], [ExchangeRate], [DiscountPercent], [DiscountAmount], [UpdateOn], [UpdateBy], [ReturnedQty], [IsReturned], [IsDeleted]) VALUES (3, 1002, N'1201201021', 1063, 5, NULL, CAST(400.00 AS Decimal(9, 2)), CAST(2000.00 AS Decimal(9, 2)), NULL, NULL, NULL, NULL, NULL, 0, 0, NULL)
GO
INSERT [dbo].[tbl_SaleDetails] ([DetailID], [OrderID], [PartNo], [ProductID], [Qty], [UnitPrice], [SalePrice], [Total], [ExchangeRate], [DiscountPercent], [DiscountAmount], [UpdateOn], [UpdateBy], [ReturnedQty], [IsReturned], [IsDeleted]) VALUES (1002, 2002, N'013 250 2103 01b', 2009, 1, NULL, CAST(78.00 AS Decimal(9, 2)), CAST(78.00 AS Decimal(9, 2)), NULL, NULL, NULL, NULL, NULL, 0, 0, NULL)
GO
INSERT [dbo].[tbl_SaleDetails] ([DetailID], [OrderID], [PartNo], [ProductID], [Qty], [UnitPrice], [SalePrice], [Total], [ExchangeRate], [DiscountPercent], [DiscountAmount], [UpdateOn], [UpdateBy], [ReturnedQty], [IsReturned], [IsDeleted]) VALUES (1003, 2002, N'000 989 0825 00', 3, 2, NULL, CAST(5.00 AS Decimal(9, 2)), CAST(10.00 AS Decimal(9, 2)), NULL, NULL, NULL, CAST(N'2019-01-03 04:56:00' AS SmallDateTime), NULL, 1, 0, NULL)
GO
INSERT [dbo].[tbl_SaleDetails] ([DetailID], [OrderID], [PartNo], [ProductID], [Qty], [UnitPrice], [SalePrice], [Total], [ExchangeRate], [DiscountPercent], [DiscountAmount], [UpdateOn], [UpdateBy], [ReturnedQty], [IsReturned], [IsDeleted]) VALUES (1004, 2002, N'1668618', 2008, 1, NULL, CAST(98.00 AS Decimal(9, 2)), CAST(98.00 AS Decimal(9, 2)), NULL, NULL, NULL, NULL, NULL, 0, 0, NULL)
GO
INSERT [dbo].[tbl_SaleDetails] ([DetailID], [OrderID], [PartNo], [ProductID], [Qty], [UnitPrice], [SalePrice], [Total], [ExchangeRate], [DiscountPercent], [DiscountAmount], [UpdateOn], [UpdateBy], [ReturnedQty], [IsReturned], [IsDeleted]) VALUES (1005, 2003, N'461 315 1800 01', 1059, 1, NULL, CAST(120.00 AS Decimal(9, 2)), CAST(120.00 AS Decimal(9, 2)), NULL, NULL, NULL, NULL, NULL, 0, 0, NULL)
GO
INSERT [dbo].[tbl_SaleDetails] ([DetailID], [OrderID], [PartNo], [ProductID], [Qty], [UnitPrice], [SalePrice], [Total], [ExchangeRate], [DiscountPercent], [DiscountAmount], [UpdateOn], [UpdateBy], [ReturnedQty], [IsReturned], [IsDeleted]) VALUES (1006, 2004, N'000 989 0825 00', 3, 2, NULL, CAST(5.00 AS Decimal(9, 2)), CAST(10.00 AS Decimal(9, 2)), NULL, NULL, NULL, NULL, NULL, 0, 0, NULL)
GO
INSERT [dbo].[tbl_SaleDetails] ([DetailID], [OrderID], [PartNo], [ProductID], [Qty], [UnitPrice], [SalePrice], [Total], [ExchangeRate], [DiscountPercent], [DiscountAmount], [UpdateOn], [UpdateBy], [ReturnedQty], [IsReturned], [IsDeleted]) VALUES (1007, 2004, N'1668618', 2008, 1, NULL, CAST(115.00 AS Decimal(9, 2)), CAST(115.00 AS Decimal(9, 2)), NULL, NULL, NULL, NULL, NULL, 0, 0, NULL)
GO
INSERT [dbo].[tbl_SaleDetails] ([DetailID], [OrderID], [PartNo], [ProductID], [Qty], [UnitPrice], [SalePrice], [Total], [ExchangeRate], [DiscountPercent], [DiscountAmount], [UpdateOn], [UpdateBy], [ReturnedQty], [IsReturned], [IsDeleted]) VALUES (1008, 2005, N'136X165X7.5/15.5 0', 1020, 20, NULL, CAST(4.50 AS Decimal(9, 2)), CAST(90.00 AS Decimal(9, 2)), NULL, NULL, NULL, NULL, NULL, 0, 0, NULL)
GO
INSERT [dbo].[tbl_SaleDetails] ([DetailID], [OrderID], [PartNo], [ProductID], [Qty], [UnitPrice], [SalePrice], [Total], [ExchangeRate], [DiscountPercent], [DiscountAmount], [UpdateOn], [UpdateBy], [ReturnedQty], [IsReturned], [IsDeleted]) VALUES (1009, 2006, N'16017 01', 1022, 2, NULL, CAST(25.00 AS Decimal(9, 2)), CAST(50.00 AS Decimal(9, 2)), NULL, NULL, NULL, NULL, NULL, 0, 0, NULL)
GO
INSERT [dbo].[tbl_SaleDetails] ([DetailID], [OrderID], [PartNo], [ProductID], [Qty], [UnitPrice], [SalePrice], [Total], [ExchangeRate], [DiscountPercent], [DiscountAmount], [UpdateOn], [UpdateBy], [ReturnedQty], [IsReturned], [IsDeleted]) VALUES (1010, 2007, N'000 989 0825 00', 3, 2, NULL, CAST(42.00 AS Decimal(9, 2)), CAST(84.00 AS Decimal(9, 2)), NULL, NULL, NULL, NULL, NULL, 0, 0, NULL)
GO
INSERT [dbo].[tbl_SaleDetails] ([DetailID], [OrderID], [PartNo], [ProductID], [Qty], [UnitPrice], [SalePrice], [Total], [ExchangeRate], [DiscountPercent], [DiscountAmount], [UpdateOn], [UpdateBy], [ReturnedQty], [IsReturned], [IsDeleted]) VALUES (1011, 2008, N'COOLANT', 3, 6, NULL, CAST(5.00 AS Decimal(9, 2)), CAST(30.00 AS Decimal(9, 2)), NULL, NULL, NULL, CAST(N'2019-01-12 07:51:00' AS SmallDateTime), NULL, 2, 0, NULL)
GO
INSERT [dbo].[tbl_SaleDetails] ([DetailID], [OrderID], [PartNo], [ProductID], [Qty], [UnitPrice], [SalePrice], [Total], [ExchangeRate], [DiscountPercent], [DiscountAmount], [UpdateOn], [UpdateBy], [ReturnedQty], [IsReturned], [IsDeleted]) VALUES (1012, 2008, N'COOLANT', 3, 2, NULL, CAST(5.00 AS Decimal(9, 2)), CAST(10.00 AS Decimal(9, 2)), NULL, NULL, NULL, NULL, NULL, 0, 0, NULL)
GO
INSERT [dbo].[tbl_SaleDetails] ([DetailID], [OrderID], [PartNo], [ProductID], [Qty], [UnitPrice], [SalePrice], [Total], [ExchangeRate], [DiscountPercent], [DiscountAmount], [UpdateOn], [UpdateBy], [ReturnedQty], [IsReturned], [IsDeleted]) VALUES (1013, 2009, N'000 989 0825 00', 3, 10, NULL, CAST(6.00 AS Decimal(9, 2)), CAST(60.00 AS Decimal(9, 2)), NULL, NULL, NULL, NULL, NULL, 0, 0, NULL)
GO
SET IDENTITY_INSERT [dbo].[tbl_SaleDetails] OFF
GO
SET IDENTITY_INSERT [dbo].[tbl_SOReturnDetails] ON 

GO
INSERT [dbo].[tbl_SOReturnDetails] ([DetailID], [ReturnID], [ProductID], [Qty], [UnitPrice], [SalePrice], [Total], [DiscountPercent], [DiscountAmount], [UpdateOn], [UpdateBy], [ReturnedQty], [IsReturned], [IsDeleted], [Reason]) VALUES (1, 1, 3, 1, NULL, CAST(5.00 AS Decimal(9, 2)), CAST(5.00 AS Decimal(9, 2)), NULL, NULL, NULL, NULL, NULL, NULL, NULL, NULL)
GO
INSERT [dbo].[tbl_SOReturnDetails] ([DetailID], [ReturnID], [ProductID], [Qty], [UnitPrice], [SalePrice], [Total], [DiscountPercent], [DiscountAmount], [UpdateOn], [UpdateBy], [ReturnedQty], [IsReturned], [IsDeleted], [Reason]) VALUES (2, 2, 3, 1, NULL, CAST(5.00 AS Decimal(9, 2)), CAST(5.00 AS Decimal(9, 2)), NULL, NULL, NULL, NULL, NULL, NULL, NULL, NULL)
GO
INSERT [dbo].[tbl_SOReturnDetails] ([DetailID], [ReturnID], [ProductID], [Qty], [UnitPrice], [SalePrice], [Total], [DiscountPercent], [DiscountAmount], [UpdateOn], [UpdateBy], [ReturnedQty], [IsReturned], [IsDeleted], [Reason]) VALUES (3, 2, 3, 1, NULL, CAST(5.00 AS Decimal(9, 2)), CAST(5.00 AS Decimal(9, 2)), NULL, NULL, NULL, NULL, NULL, NULL, NULL, NULL)
GO
SET IDENTITY_INSERT [dbo].[tbl_SOReturnDetails] OFF
GO
SET IDENTITY_INSERT [dbo].[tmp_OrderDetails] ON 

GO
INSERT [dbo].[tmp_OrderDetails] ([DetailID], [OrderID], [tmpID], [PartNo], [ProductID], [Qty], [UnitPrice], [SalePrice], [Total], [ExchangeRate], [DiscountPercent], [DiscountAmount], [UpdateOn], [UpdateBy], [ReturnedQty], [IsReturned], [IsDeleted], [IsPO]) VALUES (1, 1, 0, N'COOLANT', 3, 10, CAST(15.00 AS Decimal(9, 2)), CAST(20.00 AS Decimal(9, 2)), CAST(150.00 AS Decimal(9, 2)), NULL, NULL, NULL, NULL, NULL, NULL, NULL, NULL, 1)
GO
INSERT [dbo].[tmp_OrderDetails] ([DetailID], [OrderID], [tmpID], [PartNo], [ProductID], [Qty], [UnitPrice], [SalePrice], [Total], [ExchangeRate], [DiscountPercent], [DiscountAmount], [UpdateOn], [UpdateBy], [ReturnedQty], [IsReturned], [IsDeleted], [IsPO]) VALUES (2, 1, 0, N'test', 4, 15, CAST(1.25 AS Decimal(9, 2)), CAST(885.00 AS Decimal(9, 2)), CAST(18.75 AS Decimal(9, 2)), NULL, NULL, NULL, NULL, NULL, NULL, NULL, NULL, 1)
GO
INSERT [dbo].[tmp_OrderDetails] ([DetailID], [OrderID], [tmpID], [PartNo], [ProductID], [Qty], [UnitPrice], [SalePrice], [Total], [ExchangeRate], [DiscountPercent], [DiscountAmount], [UpdateOn], [UpdateBy], [ReturnedQty], [IsReturned], [IsDeleted], [IsPO]) VALUES (3, 1, 0, N'Gear Box', 7, 5, CAST(1.66 AS Decimal(9, 2)), CAST(2.50 AS Decimal(9, 2)), CAST(8.32 AS Decimal(9, 2)), NULL, NULL, NULL, NULL, NULL, NULL, NULL, NULL, 1)
GO
INSERT [dbo].[tmp_OrderDetails] ([DetailID], [OrderID], [tmpID], [PartNo], [ProductID], [Qty], [UnitPrice], [SalePrice], [Total], [ExchangeRate], [DiscountPercent], [DiscountAmount], [UpdateOn], [UpdateBy], [ReturnedQty], [IsReturned], [IsDeleted], [IsPO]) VALUES (1002, 1002, 0, N'clutch plate', 2009, 2, CAST(78.00 AS Decimal(9, 2)), NULL, CAST(156.00 AS Decimal(9, 2)), NULL, NULL, NULL, NULL, NULL, NULL, NULL, NULL, 1)
GO
INSERT [dbo].[tmp_OrderDetails] ([DetailID], [OrderID], [tmpID], [PartNo], [ProductID], [Qty], [UnitPrice], [SalePrice], [Total], [ExchangeRate], [DiscountPercent], [DiscountAmount], [UpdateOn], [UpdateBy], [ReturnedQty], [IsReturned], [IsDeleted], [IsPO]) VALUES (1003, 1002, 0, N'clutch plate', 2007, 2, CAST(95.00 AS Decimal(9, 2)), NULL, CAST(190.00 AS Decimal(9, 2)), NULL, NULL, NULL, NULL, NULL, NULL, NULL, NULL, 1)
GO
INSERT [dbo].[tmp_OrderDetails] ([DetailID], [OrderID], [tmpID], [PartNo], [ProductID], [Qty], [UnitPrice], [SalePrice], [Total], [ExchangeRate], [DiscountPercent], [DiscountAmount], [UpdateOn], [UpdateBy], [ReturnedQty], [IsReturned], [IsDeleted], [IsPO]) VALUES (1004, 1002, 0, N'pressure plate', 2008, 2, CAST(115.00 AS Decimal(9, 2)), NULL, CAST(230.00 AS Decimal(9, 2)), NULL, NULL, NULL, NULL, NULL, NULL, NULL, NULL, 1)
GO
INSERT [dbo].[tmp_OrderDetails] ([DetailID], [OrderID], [tmpID], [PartNo], [ProductID], [Qty], [UnitPrice], [SalePrice], [Total], [ExchangeRate], [DiscountPercent], [DiscountAmount], [UpdateOn], [UpdateBy], [ReturnedQty], [IsReturned], [IsDeleted], [IsPO]) VALUES (1007, 1004, 1, N'000 989 0825 00', 3, 1, CAST(3.40 AS Decimal(9, 2)), CAST(4.00 AS Decimal(9, 2)), CAST(3.40 AS Decimal(9, 2)), NULL, NULL, NULL, NULL, NULL, 0, 0, NULL, NULL)
GO
INSERT [dbo].[tmp_OrderDetails] ([DetailID], [OrderID], [tmpID], [PartNo], [ProductID], [Qty], [UnitPrice], [SalePrice], [Total], [ExchangeRate], [DiscountPercent], [DiscountAmount], [UpdateOn], [UpdateBy], [ReturnedQty], [IsReturned], [IsDeleted], [IsPO]) VALUES (1008, 1005, 2, N'000 989 0825 00', 3, 12, CAST(3.40 AS Decimal(9, 2)), CAST(4.00 AS Decimal(9, 2)), CAST(40.80 AS Decimal(9, 2)), NULL, NULL, NULL, NULL, NULL, 0, 0, NULL, NULL)
GO
INSERT [dbo].[tmp_OrderDetails] ([DetailID], [OrderID], [tmpID], [PartNo], [ProductID], [Qty], [UnitPrice], [SalePrice], [Total], [ExchangeRate], [DiscountPercent], [DiscountAmount], [UpdateOn], [UpdateBy], [ReturnedQty], [IsReturned], [IsDeleted], [IsPO]) VALUES (1009, 1006, 3, N'000 989 0825 00', 3, 15, CAST(30.00 AS Decimal(9, 2)), NULL, CAST(450.00 AS Decimal(9, 2)), NULL, NULL, NULL, NULL, NULL, 0, 0, NULL, NULL)
GO
INSERT [dbo].[tmp_OrderDetails] ([DetailID], [OrderID], [tmpID], [PartNo], [ProductID], [Qty], [UnitPrice], [SalePrice], [Total], [ExchangeRate], [DiscountPercent], [DiscountAmount], [UpdateOn], [UpdateBy], [ReturnedQty], [IsReturned], [IsDeleted], [IsPO]) VALUES (1010, 1007, 4, N'000 989 0825 00', 3, 10, CAST(3.40 AS Decimal(9, 2)), CAST(4.00 AS Decimal(9, 2)), CAST(34.00 AS Decimal(9, 2)), NULL, NULL, NULL, NULL, NULL, 0, 0, NULL, NULL)
GO
INSERT [dbo].[tmp_OrderDetails] ([DetailID], [OrderID], [tmpID], [PartNo], [ProductID], [Qty], [UnitPrice], [SalePrice], [Total], [ExchangeRate], [DiscountPercent], [DiscountAmount], [UpdateOn], [UpdateBy], [ReturnedQty], [IsReturned], [IsDeleted], [IsPO]) VALUES (1011, 1008, 5, N'0051498123654', 4, 10, CAST(20.00 AS Decimal(9, 2)), CAST(10.00 AS Decimal(9, 2)), CAST(200.00 AS Decimal(9, 2)), NULL, NULL, NULL, NULL, NULL, 0, 0, NULL, NULL)
GO
INSERT [dbo].[tmp_OrderDetails] ([DetailID], [OrderID], [tmpID], [PartNo], [ProductID], [Qty], [UnitPrice], [SalePrice], [Total], [ExchangeRate], [DiscountPercent], [DiscountAmount], [UpdateOn], [UpdateBy], [ReturnedQty], [IsReturned], [IsDeleted], [IsPO]) VALUES (1012, 1009, 0, N'Veh Code', 3, NULL, NULL, CAST(34.00 AS Decimal(9, 2)), NULL, NULL, NULL, NULL, NULL, NULL, NULL, NULL, NULL, 1)
GO
INSERT [dbo].[tmp_OrderDetails] ([DetailID], [OrderID], [tmpID], [PartNo], [ProductID], [Qty], [UnitPrice], [SalePrice], [Total], [ExchangeRate], [DiscountPercent], [DiscountAmount], [UpdateOn], [UpdateBy], [ReturnedQty], [IsReturned], [IsDeleted], [IsPO]) VALUES (1013, 1010, 0, N'000 989 0825 00', 3, 10, CAST(3.40 AS Decimal(9, 2)), CAST(4.10 AS Decimal(9, 2)), CAST(34.00 AS Decimal(9, 2)), NULL, NULL, NULL, NULL, NULL, NULL, NULL, NULL, 1)
GO
INSERT [dbo].[tmp_OrderDetails] ([DetailID], [OrderID], [tmpID], [PartNo], [ProductID], [Qty], [UnitPrice], [SalePrice], [Total], [ExchangeRate], [DiscountPercent], [DiscountAmount], [UpdateOn], [UpdateBy], [ReturnedQty], [IsReturned], [IsDeleted], [IsPO]) VALUES (1014, 1010, 0, N'1668616', 2007, 5, CAST(105.00 AS Decimal(9, 2)), CAST(109.00 AS Decimal(9, 2)), CAST(525.00 AS Decimal(9, 2)), NULL, NULL, NULL, NULL, NULL, NULL, NULL, NULL, 1)
GO
INSERT [dbo].[tmp_OrderDetails] ([DetailID], [OrderID], [tmpID], [PartNo], [ProductID], [Qty], [UnitPrice], [SalePrice], [Total], [ExchangeRate], [DiscountPercent], [DiscountAmount], [UpdateOn], [UpdateBy], [ReturnedQty], [IsReturned], [IsDeleted], [IsPO]) VALUES (1015, 1011, 1, N'000 053 3558 01', 1010, 10, CAST(6.50 AS Decimal(9, 2)), CAST(1.00 AS Decimal(9, 2)), CAST(6.76 AS Decimal(9, 2)), CAST(0.10 AS Decimal(9, 2)), NULL, NULL, NULL, NULL, 0, 0, NULL, NULL)
GO
INSERT [dbo].[tmp_OrderDetails] ([DetailID], [OrderID], [tmpID], [PartNo], [ProductID], [Qty], [UnitPrice], [SalePrice], [Total], [ExchangeRate], [DiscountPercent], [DiscountAmount], [UpdateOn], [UpdateBy], [ReturnedQty], [IsReturned], [IsDeleted], [IsPO]) VALUES (1016, 1012, 2, N'000 989 0825 00', 3, 100, CAST(3.40 AS Decimal(9, 2)), NULL, CAST(340.00 AS Decimal(9, 2)), NULL, NULL, NULL, NULL, NULL, 0, 0, NULL, NULL)
GO
INSERT [dbo].[tmp_OrderDetails] ([DetailID], [OrderID], [tmpID], [PartNo], [ProductID], [Qty], [UnitPrice], [SalePrice], [Total], [ExchangeRate], [DiscountPercent], [DiscountAmount], [UpdateOn], [UpdateBy], [ReturnedQty], [IsReturned], [IsDeleted], [IsPO]) VALUES (1017, 1012, 2, N'16017 01', 1022, 2, CAST(6.56 AS Decimal(9, 2)), NULL, CAST(13.12 AS Decimal(9, 2)), NULL, NULL, NULL, NULL, NULL, 0, 0, NULL, NULL)
GO
INSERT [dbo].[tmp_OrderDetails] ([DetailID], [OrderID], [tmpID], [PartNo], [ProductID], [Qty], [UnitPrice], [SalePrice], [Total], [ExchangeRate], [DiscountPercent], [DiscountAmount], [UpdateOn], [UpdateBy], [ReturnedQty], [IsReturned], [IsDeleted], [IsPO]) VALUES (1018, 1012, 2, N'12035 1040 01', 1028, 2, CAST(21.00 AS Decimal(9, 2)), NULL, CAST(42.00 AS Decimal(9, 2)), NULL, NULL, NULL, NULL, NULL, 0, 0, NULL, NULL)
GO
SET IDENTITY_INSERT [dbo].[tmp_OrderDetails] OFF
GO
SET IDENTITY_INSERT [dbo].[tbl_PODetails] ON 

GO
INSERT [dbo].[tbl_PODetails] ([DetailID], [OrderID], [PartNo], [ProductID], [Qty], [UnitPrice], [SalePrice], [Total], [ExchangeRate], [DiscountPercent], [DiscountAmount], [UpdateOn], [UpdateBy], [ReturnedQty], [IsReturned], [IsDeleted]) VALUES (1, 1001, N'000 053 3558 01', 1010, 8, CAST(6.00 AS Decimal(9, 2)), NULL, CAST(48.00 AS Decimal(9, 2)), NULL, NULL, NULL, CAST(N'2018-12-18 10:47:00' AS SmallDateTime), NULL, 2, 0, NULL)
GO
INSERT [dbo].[tbl_PODetails] ([DetailID], [OrderID], [PartNo], [ProductID], [Qty], [UnitPrice], [SalePrice], [Total], [ExchangeRate], [DiscountPercent], [DiscountAmount], [UpdateOn], [UpdateBy], [ReturnedQty], [IsReturned], [IsDeleted]) VALUES (2, 1001, N'16017 01', 1022, 5, CAST(6.56 AS Decimal(9, 2)), CAST(10.00 AS Decimal(9, 2)), CAST(32.80 AS Decimal(9, 2)), NULL, NULL, NULL, CAST(N'2018-12-18 10:47:00' AS SmallDateTime), NULL, 5, 1, NULL)
GO
INSERT [dbo].[tbl_PODetails] ([DetailID], [OrderID], [PartNo], [ProductID], [Qty], [UnitPrice], [SalePrice], [Total], [ExchangeRate], [DiscountPercent], [DiscountAmount], [UpdateOn], [UpdateBy], [ReturnedQty], [IsReturned], [IsDeleted]) VALUES (3, 1001, N'16015 FAJ', 1021, 8, CAST(9.00 AS Decimal(9, 2)), CAST(20.00 AS Decimal(9, 2)), CAST(72.00 AS Decimal(9, 2)), NULL, NULL, NULL, NULL, NULL, 0, 0, NULL)
GO
INSERT [dbo].[tbl_PODetails] ([DetailID], [OrderID], [PartNo], [ProductID], [Qty], [UnitPrice], [SalePrice], [Total], [ExchangeRate], [DiscountPercent], [DiscountAmount], [UpdateOn], [UpdateBy], [ReturnedQty], [IsReturned], [IsDeleted]) VALUES (9, 1008, N'81 32616 0007 MO', 1037, 10, CAST(5.55 AS Decimal(9, 2)), CAST(80.00 AS Decimal(9, 2)), CAST(55.50 AS Decimal(9, 2)), NULL, NULL, NULL, NULL, NULL, 0, 0, NULL)
GO
INSERT [dbo].[tbl_PODetails] ([DetailID], [OrderID], [PartNo], [ProductID], [Qty], [UnitPrice], [SalePrice], [Total], [ExchangeRate], [DiscountPercent], [DiscountAmount], [UpdateOn], [UpdateBy], [ReturnedQty], [IsReturned], [IsDeleted]) VALUES (10, 1009, N'000 053 3558 01', 1010, 100, CAST(6.50 AS Decimal(9, 2)), CAST(20.00 AS Decimal(9, 2)), CAST(650.00 AS Decimal(9, 2)), NULL, NULL, NULL, NULL, NULL, 0, 0, NULL)
GO
INSERT [dbo].[tbl_PODetails] ([DetailID], [OrderID], [PartNo], [ProductID], [Qty], [UnitPrice], [SalePrice], [Total], [ExchangeRate], [DiscountPercent], [DiscountAmount], [UpdateOn], [UpdateBy], [ReturnedQty], [IsReturned], [IsDeleted]) VALUES (11, 1009, N'005149845612', 5, 500, CAST(5.50 AS Decimal(9, 2)), CAST(15.00 AS Decimal(9, 2)), CAST(2750.00 AS Decimal(9, 2)), NULL, NULL, NULL, NULL, NULL, 0, 0, NULL)
GO
INSERT [dbo].[tbl_PODetails] ([DetailID], [OrderID], [PartNo], [ProductID], [Qty], [UnitPrice], [SalePrice], [Total], [ExchangeRate], [DiscountPercent], [DiscountAmount], [UpdateOn], [UpdateBy], [ReturnedQty], [IsReturned], [IsDeleted]) VALUES (12, 1010, N'1201201021', 1063, 50, CAST(120.00 AS Decimal(9, 2)), CAST(150.00 AS Decimal(9, 2)), CAST(6000.00 AS Decimal(9, 2)), NULL, NULL, NULL, NULL, NULL, 0, 0, NULL)
GO
INSERT [dbo].[tbl_PODetails] ([DetailID], [OrderID], [PartNo], [ProductID], [Qty], [UnitPrice], [SalePrice], [Total], [ExchangeRate], [DiscountPercent], [DiscountAmount], [UpdateOn], [UpdateBy], [ReturnedQty], [IsReturned], [IsDeleted]) VALUES (13, 1010, N'136X165X7.5/15.5 0', 1020, 50, CAST(500.00 AS Decimal(9, 2)), CAST(600.00 AS Decimal(9, 2)), CAST(25000.00 AS Decimal(9, 2)), NULL, NULL, NULL, NULL, NULL, 0, 0, NULL)
GO
INSERT [dbo].[tbl_PODetails] ([DetailID], [OrderID], [PartNo], [ProductID], [Qty], [UnitPrice], [SalePrice], [Total], [ExchangeRate], [DiscountPercent], [DiscountAmount], [UpdateOn], [UpdateBy], [ReturnedQty], [IsReturned], [IsDeleted]) VALUES (1002, 2002, N'013 250 2103 01b', 2009, 2, CAST(76.00 AS Decimal(9, 2)), CAST(78.00 AS Decimal(9, 2)), CAST(152.00 AS Decimal(9, 2)), NULL, NULL, NULL, CAST(N'2018-12-24 06:32:00' AS SmallDateTime), NULL, 1, 0, NULL)
GO
INSERT [dbo].[tbl_PODetails] ([DetailID], [OrderID], [PartNo], [ProductID], [Qty], [UnitPrice], [SalePrice], [Total], [ExchangeRate], [DiscountPercent], [DiscountAmount], [UpdateOn], [UpdateBy], [ReturnedQty], [IsReturned], [IsDeleted]) VALUES (1003, 2002, N'1668618', 2008, 2, CAST(115.00 AS Decimal(9, 2)), CAST(119.00 AS Decimal(9, 2)), CAST(230.00 AS Decimal(9, 2)), NULL, NULL, NULL, CAST(N'2018-12-24 06:32:00' AS SmallDateTime), NULL, 1, 0, NULL)
GO
INSERT [dbo].[tbl_PODetails] ([DetailID], [OrderID], [PartNo], [ProductID], [Qty], [UnitPrice], [SalePrice], [Total], [ExchangeRate], [DiscountPercent], [DiscountAmount], [UpdateOn], [UpdateBy], [ReturnedQty], [IsReturned], [IsDeleted]) VALUES (1004, 2002, N'81 30550 0094 fs', 2010, 2, CAST(28.00 AS Decimal(9, 2)), CAST(30.00 AS Decimal(9, 2)), CAST(56.00 AS Decimal(9, 2)), NULL, NULL, NULL, CAST(N'2018-12-24 06:32:00' AS SmallDateTime), NULL, 1, 0, NULL)
GO
INSERT [dbo].[tbl_PODetails] ([DetailID], [OrderID], [PartNo], [ProductID], [Qty], [UnitPrice], [SalePrice], [Total], [ExchangeRate], [DiscountPercent], [DiscountAmount], [UpdateOn], [UpdateBy], [ReturnedQty], [IsReturned], [IsDeleted]) VALUES (1005, 2003, N'000 989 0825 00', 3, 20, CAST(34.00 AS Decimal(9, 2)), CAST(4.00 AS Decimal(9, 2)), CAST(70.72 AS Decimal(9, 2)), CAST(3.536 AS Decimal(9, 3)), NULL, NULL, NULL, NULL, 0, 0, NULL)
GO
INSERT [dbo].[tbl_PODetails] ([DetailID], [OrderID], [PartNo], [ProductID], [Qty], [UnitPrice], [SalePrice], [Total], [ExchangeRate], [DiscountPercent], [DiscountAmount], [UpdateOn], [UpdateBy], [ReturnedQty], [IsReturned], [IsDeleted]) VALUES (1006, 2004, N'000 989 0825 00', 3, 10, CAST(3.40 AS Decimal(9, 2)), CAST(4.10 AS Decimal(9, 2)), CAST(34.00 AS Decimal(9, 2)), CAST(0.000 AS Decimal(9, 3)), NULL, NULL, CAST(N'2019-01-13 07:35:00' AS SmallDateTime), NULL, 2, 0, NULL)
GO
INSERT [dbo].[tbl_PODetails] ([DetailID], [OrderID], [PartNo], [ProductID], [Qty], [UnitPrice], [SalePrice], [Total], [ExchangeRate], [DiscountPercent], [DiscountAmount], [UpdateOn], [UpdateBy], [ReturnedQty], [IsReturned], [IsDeleted]) VALUES (1007, 2004, N'1668616', 2007, 5, CAST(105.00 AS Decimal(9, 2)), CAST(109.00 AS Decimal(9, 2)), CAST(525.00 AS Decimal(9, 2)), CAST(0.000 AS Decimal(9, 3)), NULL, NULL, CAST(N'2019-01-13 07:35:00' AS SmallDateTime), NULL, 2, 0, NULL)
GO
INSERT [dbo].[tbl_PODetails] ([DetailID], [OrderID], [PartNo], [ProductID], [Qty], [UnitPrice], [SalePrice], [Total], [ExchangeRate], [DiscountPercent], [DiscountAmount], [UpdateOn], [UpdateBy], [ReturnedQty], [IsReturned], [IsDeleted]) VALUES (1008, 2005, N'000 053 3558 01', 1010, 10, CAST(6.50 AS Decimal(9, 2)), CAST(1.00 AS Decimal(9, 2)), CAST(6.76 AS Decimal(9, 2)), CAST(0.000 AS Decimal(9, 3)), NULL, NULL, NULL, NULL, 0, 0, NULL)
GO
INSERT [dbo].[tbl_PODetails] ([DetailID], [OrderID], [PartNo], [ProductID], [Qty], [UnitPrice], [SalePrice], [Total], [ExchangeRate], [DiscountPercent], [DiscountAmount], [UpdateOn], [UpdateBy], [ReturnedQty], [IsReturned], [IsDeleted]) VALUES (1009, 2006, N'000 989 0825 00', 3, 100, CAST(3.40 AS Decimal(9, 2)), NULL, CAST(340.00 AS Decimal(9, 2)), CAST(0.000 AS Decimal(9, 3)), NULL, NULL, NULL, NULL, 0, 0, NULL)
GO
INSERT [dbo].[tbl_PODetails] ([DetailID], [OrderID], [PartNo], [ProductID], [Qty], [UnitPrice], [SalePrice], [Total], [ExchangeRate], [DiscountPercent], [DiscountAmount], [UpdateOn], [UpdateBy], [ReturnedQty], [IsReturned], [IsDeleted]) VALUES (1010, 2006, N'16017 01', 1022, 2, CAST(6.56 AS Decimal(9, 2)), NULL, CAST(13.12 AS Decimal(9, 2)), CAST(0.000 AS Decimal(9, 3)), NULL, NULL, NULL, NULL, 0, 0, NULL)
GO
INSERT [dbo].[tbl_PODetails] ([DetailID], [OrderID], [PartNo], [ProductID], [Qty], [UnitPrice], [SalePrice], [Total], [ExchangeRate], [DiscountPercent], [DiscountAmount], [UpdateOn], [UpdateBy], [ReturnedQty], [IsReturned], [IsDeleted]) VALUES (1011, 2006, N'12035 1040 01', 1028, 2, CAST(21.00 AS Decimal(9, 2)), NULL, CAST(42.00 AS Decimal(9, 2)), CAST(0.000 AS Decimal(9, 3)), NULL, NULL, NULL, NULL, 0, 0, NULL)
GO
INSERT [dbo].[tbl_PODetails] ([DetailID], [OrderID], [PartNo], [ProductID], [Qty], [UnitPrice], [SalePrice], [Total], [ExchangeRate], [DiscountPercent], [DiscountAmount], [UpdateOn], [UpdateBy], [ReturnedQty], [IsReturned], [IsDeleted]) VALUES (1012, 2006, N'm 37 wn 35 ma', 2011, 6, CAST(15.75 AS Decimal(9, 2)), CAST(17.50 AS Decimal(9, 2)), CAST(94.50 AS Decimal(9, 2)), NULL, NULL, NULL, NULL, NULL, 0, 0, NULL)
GO
SET IDENTITY_INSERT [dbo].[tbl_PODetails] OFF
GO
SET IDENTITY_INSERT [dbo].[tbl_POReturnDetails] ON 

GO
INSERT [dbo].[tbl_POReturnDetails] ([DetailID], [ReturnID], [PartNo], [ProductID], [Qty], [UnitPrice], [SalePrice], [Total], [Reason], [ExchangeRate], [DiscountPercent], [DiscountAmount], [UpdateOn], [UpdateBy], [IsReturned], [IsDeleted]) VALUES (1, 1, N'000 053 3558 01', 1010, 2, CAST(6.00 AS Decimal(9, 2)), NULL, CAST(12.00 AS Decimal(9, 2)), NULL, NULL, NULL, NULL, NULL, NULL, NULL, NULL)
GO
INSERT [dbo].[tbl_POReturnDetails] ([DetailID], [ReturnID], [PartNo], [ProductID], [Qty], [UnitPrice], [SalePrice], [Total], [Reason], [ExchangeRate], [DiscountPercent], [DiscountAmount], [UpdateOn], [UpdateBy], [IsReturned], [IsDeleted]) VALUES (2, 1, N'16017 01', 1022, 5, CAST(6.56 AS Decimal(9, 2)), NULL, CAST(32.80 AS Decimal(9, 2)), NULL, NULL, NULL, NULL, NULL, NULL, NULL, NULL)
GO
INSERT [dbo].[tbl_POReturnDetails] ([DetailID], [ReturnID], [PartNo], [ProductID], [Qty], [UnitPrice], [SalePrice], [Total], [Reason], [ExchangeRate], [DiscountPercent], [DiscountAmount], [UpdateOn], [UpdateBy], [IsReturned], [IsDeleted]) VALUES (1002, 2, N'013 250 2103 01b', 2009, 1, CAST(76.00 AS Decimal(9, 2)), NULL, CAST(76.00 AS Decimal(9, 2)), NULL, NULL, NULL, NULL, NULL, NULL, NULL, NULL)
GO
INSERT [dbo].[tbl_POReturnDetails] ([DetailID], [ReturnID], [PartNo], [ProductID], [Qty], [UnitPrice], [SalePrice], [Total], [Reason], [ExchangeRate], [DiscountPercent], [DiscountAmount], [UpdateOn], [UpdateBy], [IsReturned], [IsDeleted]) VALUES (1003, 2, N'1668618', 2008, 1, CAST(115.00 AS Decimal(9, 2)), NULL, CAST(115.00 AS Decimal(9, 2)), NULL, NULL, NULL, NULL, NULL, NULL, NULL, NULL)
GO
INSERT [dbo].[tbl_POReturnDetails] ([DetailID], [ReturnID], [PartNo], [ProductID], [Qty], [UnitPrice], [SalePrice], [Total], [Reason], [ExchangeRate], [DiscountPercent], [DiscountAmount], [UpdateOn], [UpdateBy], [IsReturned], [IsDeleted]) VALUES (1004, 2, N'81 30550 0094 fs', 2010, 1, CAST(28.00 AS Decimal(9, 2)), NULL, CAST(28.00 AS Decimal(9, 2)), NULL, NULL, NULL, NULL, NULL, NULL, NULL, NULL)
GO
INSERT [dbo].[tbl_POReturnDetails] ([DetailID], [ReturnID], [PartNo], [ProductID], [Qty], [UnitPrice], [SalePrice], [Total], [Reason], [ExchangeRate], [DiscountPercent], [DiscountAmount], [UpdateOn], [UpdateBy], [IsReturned], [IsDeleted]) VALUES (1005, 3, N'000 989 0825 00', 3, 1, CAST(3.40 AS Decimal(9, 2)), NULL, CAST(3.40 AS Decimal(9, 2)), NULL, NULL, NULL, NULL, NULL, NULL, NULL, NULL)
GO
INSERT [dbo].[tbl_POReturnDetails] ([DetailID], [ReturnID], [PartNo], [ProductID], [Qty], [UnitPrice], [SalePrice], [Total], [Reason], [ExchangeRate], [DiscountPercent], [DiscountAmount], [UpdateOn], [UpdateBy], [IsReturned], [IsDeleted]) VALUES (1006, 3, N'1668616', 2007, 1, CAST(105.00 AS Decimal(9, 2)), NULL, CAST(105.00 AS Decimal(9, 2)), NULL, NULL, NULL, NULL, NULL, NULL, NULL, NULL)
GO
INSERT [dbo].[tbl_POReturnDetails] ([DetailID], [ReturnID], [PartNo], [ProductID], [Qty], [UnitPrice], [SalePrice], [Total], [Reason], [ExchangeRate], [DiscountPercent], [DiscountAmount], [UpdateOn], [UpdateBy], [IsReturned], [IsDeleted]) VALUES (1007, 4, N'000 989 0825 00', 3, 1, CAST(3.40 AS Decimal(9, 2)), NULL, CAST(3.40 AS Decimal(9, 2)), NULL, NULL, NULL, NULL, NULL, NULL, NULL, NULL)
GO
INSERT [dbo].[tbl_POReturnDetails] ([DetailID], [ReturnID], [PartNo], [ProductID], [Qty], [UnitPrice], [SalePrice], [Total], [Reason], [ExchangeRate], [DiscountPercent], [DiscountAmount], [UpdateOn], [UpdateBy], [IsReturned], [IsDeleted]) VALUES (1008, 4, N'1668616', 2007, 1, CAST(105.00 AS Decimal(9, 2)), NULL, CAST(105.00 AS Decimal(9, 2)), NULL, NULL, NULL, NULL, NULL, NULL, NULL, NULL)
GO
SET IDENTITY_INSERT [dbo].[tbl_POReturnDetails] OFF
GO
SET IDENTITY_INSERT [dbo].[tbl_Vendor] ON 

GO
INSERT [dbo].[tbl_Vendor] ([VendorID], [AccountID], [VendorCode], [Name], [Address], [ContactPerson], [Landline], [Cell], [Email], [OpeningBalance], [IsActive], [AddOn], [Addby], [UpdateOn], [UpdateBy], [DeleteOn], [DeleteBy], [IsDeleted]) VALUES (1, 26, N'TV10', N'Testing vendor 10', NULL, NULL, NULL, NULL, NULL, CAST(0.00 AS Decimal(12, 2)), 1, CAST(N'2018-12-18 04:59:00' AS SmallDateTime), 1, NULL, NULL, NULL, NULL, 0)
GO
INSERT [dbo].[tbl_Vendor] ([VendorID], [AccountID], [VendorCode], [Name], [Address], [ContactPerson], [Landline], [Cell], [Email], [OpeningBalance], [IsActive], [AddOn], [Addby], [UpdateOn], [UpdateBy], [DeleteOn], [DeleteBy], [IsDeleted]) VALUES (2, 27, N'AC-11', N'Alpha Corporation', NULL, N'Ali', NULL, NULL, NULL, CAST(0.00 AS Decimal(12, 2)), 1, CAST(N'2018-12-18 04:59:00' AS SmallDateTime), 1, NULL, NULL, NULL, NULL, 0)
GO
INSERT [dbo].[tbl_Vendor] ([VendorID], [AccountID], [VendorCode], [Name], [Address], [ContactPerson], [Landline], [Cell], [Email], [OpeningBalance], [IsActive], [AddOn], [Addby], [UpdateOn], [UpdateBy], [DeleteOn], [DeleteBy], [IsDeleted]) VALUES (3, 28, N'A 2 Z ', N'A2Z Autos', NULL, N'Abdullah', NULL, NULL, NULL, CAST(0.00 AS Decimal(12, 2)), 1, CAST(N'2018-12-18 05:00:00' AS SmallDateTime), 1, NULL, NULL, NULL, NULL, 0)
GO
INSERT [dbo].[tbl_Vendor] ([VendorID], [AccountID], [VendorCode], [Name], [Address], [ContactPerson], [Landline], [Cell], [Email], [OpeningBalance], [IsActive], [AddOn], [Addby], [UpdateOn], [UpdateBy], [DeleteOn], [DeleteBy], [IsDeleted]) VALUES (4, 34, N'AZ12', N'Charlie Vendor', NULL, N'ali', NULL, N'022212334', N'sadsa', CAST(5000.00 AS Decimal(12, 2)), 1, CAST(N'2018-12-19 09:01:00' AS SmallDateTime), 1, NULL, NULL, NULL, NULL, 0)
GO
INSERT [dbo].[tbl_Vendor] ([VendorID], [AccountID], [VendorCode], [Name], [Address], [ContactPerson], [Landline], [Cell], [Email], [OpeningBalance], [IsActive], [AddOn], [Addby], [UpdateOn], [UpdateBy], [DeleteOn], [DeleteBy], [IsDeleted]) VALUES (1002, 1001, N'1087', N'AL EZ TRADING', NULL, N'TARIQ', NULL, N'99879240', NULL, CAST(0.00 AS Decimal(12, 2)), 1, CAST(N'2018-12-24 01:09:00' AS SmallDateTime), 1, CAST(N'2019-01-12 01:43:00' AS SmallDateTime), NULL, NULL, NULL, 0)
GO
INSERT [dbo].[tbl_Vendor] ([VendorID], [AccountID], [VendorCode], [Name], [Address], [ContactPerson], [Landline], [Cell], [Email], [OpeningBalance], [IsActive], [AddOn], [Addby], [UpdateOn], [UpdateBy], [DeleteOn], [DeleteBy], [IsDeleted]) VALUES (1003, 1002, N'9240', N'SHEHZAD', NULL, N'MALIK', NULL, N'99879240', NULL, CAST(0.00 AS Decimal(12, 2)), 1, CAST(N'2018-12-24 01:11:00' AS SmallDateTime), 1, NULL, NULL, NULL, NULL, 0)
GO
INSERT [dbo].[tbl_Vendor] ([VendorID], [AccountID], [VendorCode], [Name], [Address], [ContactPerson], [Landline], [Cell], [Email], [OpeningBalance], [IsActive], [AddOn], [Addby], [UpdateOn], [UpdateBy], [DeleteOn], [DeleteBy], [IsDeleted]) VALUES (1004, 1008, N'9987', N'malik', N'falaj', N'shehzad', N'92828319', N'99879240', N'accept78@hotmail.com', CAST(100.00 AS Decimal(12, 2)), 1, CAST(N'2019-01-12 01:49:00' AS SmallDateTime), 1, NULL, NULL, NULL, NULL, 0)
GO
SET IDENTITY_INSERT [dbo].[tbl_Vendor] OFF
GO

